instance,populationSize,crossoverProb,mutationProb,run,hv,timeMillis,n_points,n_nd
instancia_mediana.json,60,0.7,0.05,0,300.0,365.0,1,1
instancia_mediana.json,60,0.7,0.05,1,250.0,341.0,1,1
instancia_mediana.json,60,0.7,0.05,2,275.0,337.0,1,1
instancia_mediana.json,60,0.7,0.05,3,350.0,333.0,1,1
instancia_mediana.json,60,0.7,0.05,4,275.0,331.0,1,1
instancia_mediana.json,60,0.7,0.05,5,340.0,350.0,2,2
instancia_mediana.json,60,0.7,0.05,6,250.0,337.0,1,1
instancia_mediana.json,60,0.7,0.05,7,300.0,334.0,1,1
instancia_mediana.json,60,0.7,0.05,8,275.0,331.0,1,1
instancia_mediana.json,60,0.7,0.05,9,350.0,338.0,1,1
instancia_mediana.json,60,0.7,0.05,10,325.0,367.0,1,1
instancia_mediana.json,60,0.7,0.05,11,250.0,329.0,1,1
instancia_mediana.json,60,0.7,0.05,12,125.0,338.0,1,1
instancia_mediana.json,60,0.7,0.05,13,300.0,327.0,1,1
instancia_mediana.json,60,0.7,0.05,14,275.0,357.0,1,1
instancia_mediana.json,60,0.7,0.05,15,350.0,327.0,1,1
instancia_mediana.json,60,0.7,0.05,16,200.0,397.0,1,1
instancia_mediana.json,60,0.7,0.05,17,325.0,337.0,1,1
instancia_mediana.json,60,0.7,0.05,18,275.0,331.0,1,1
instancia_mediana.json,60,0.7,0.05,19,350.0,344.0,1,1
instancia_mediana.json,60,0.7,0.05,20,350.0,332.0,1,1
instancia_mediana.json,60,0.7,0.05,21,275.0,347.0,1,1
instancia_mediana.json,60,0.7,0.05,22,350.0,340.0,1,1
instancia_mediana.json,60,0.7,0.05,23,345.0,401.0,2,2
instancia_mediana.json,60,0.7,0.05,24,300.0,341.0,1,1
instancia_mediana.json,60,0.7,0.05,25,350.0,330.0,1,1
instancia_mediana.json,60,0.7,0.05,26,270.0,399.0,2,2
instancia_mediana.json,60,0.7,0.05,27,275.0,336.0,1,1
instancia_mediana.json,60,0.7,0.05,28,325.0,348.0,1,1
instancia_mediana.json,60,0.7,0.05,29,300.0,334.0,1,1
instancia_mediana.json,60,0.7,0.1,0,325.0,348.0,1,1
instancia_mediana.json,60,0.7,0.1,1,300.0,333.0,1,1
instancia_mediana.json,60,0.7,0.1,2,350.0,337.0,1,1
instancia_mediana.json,60,0.7,0.1,3,325.0,355.0,1,1
instancia_mediana.json,60,0.7,0.1,4,300.0,335.0,1,1
instancia_mediana.json,60,0.7,0.1,5,325.0,343.0,1,1
instancia_mediana.json,60,0.7,0.1,6,225.0,372.0,1,1
instancia_mediana.json,60,0.7,0.1,7,350.0,346.0,1,1
instancia_mediana.json,60,0.7,0.1,8,350.0,356.0,1,1
instancia_mediana.json,60,0.7,0.1,9,250.0,344.0,1,1
instancia_mediana.json,60,0.7,0.1,10,175.0,356.0,1,1
instancia_mediana.json,60,0.7,0.1,11,250.0,337.0,1,1
instancia_mediana.json,60,0.7,0.1,12,345.0,407.0,2,2
instancia_mediana.json,60,0.7,0.1,13,325.0,355.0,1,1
instancia_mediana.json,60,0.7,0.1,14,325.0,344.0,1,1
instancia_mediana.json,60,0.7,0.1,15,300.0,337.0,1,1
instancia_mediana.json,60,0.7,0.1,16,350.0,336.0,1,1
instancia_mediana.json,60,0.7,0.1,17,300.0,364.0,1,1
instancia_mediana.json,60,0.7,0.1,18,350.0,339.0,1,1
instancia_mediana.json,60,0.7,0.1,19,275.0,342.0,1,1
instancia_mediana.json,60,0.7,0.1,20,300.0,361.0,1,1
instancia_mediana.json,60,0.7,0.1,21,325.0,369.0,1,1
instancia_mediana.json,60,0.7,0.1,22,250.0,356.0,1,1
instancia_mediana.json,60,0.7,0.1,23,269.0,391.0,2,2
instancia_mediana.json,60,0.7,0.1,24,300.0,335.0,1,1
instancia_mediana.json,60,0.7,0.1,25,350.0,354.0,1,1
instancia_mediana.json,60,0.7,0.1,26,275.0,340.0,1,1
instancia_mediana.json,60,0.7,0.1,27,325.0,349.0,1,1
instancia_mediana.json,60,0.7,0.1,28,145.0,415.0,2,2
instancia_mediana.json,60,0.7,0.1,29,350.0,333.0,1,1
instancia_mediana.json,60,0.7,0.2,0,325.0,349.0,1,1
instancia_mediana.json,60,0.7,0.2,1,350.0,361.0,1,1
instancia_mediana.json,60,0.7,0.2,2,275.0,346.0,1,1
instancia_mediana.json,60,0.7,0.2,3,275.0,359.0,1,1
instancia_mediana.json,60,0.7,0.2,4,275.0,366.0,1,1
instancia_mediana.json,60,0.7,0.2,5,350.0,357.0,1,1
instancia_mediana.json,60,0.7,0.2,6,350.0,363.0,1,1
instancia_mediana.json,60,0.7,0.2,7,350.0,368.0,1,1
instancia_mediana.json,60,0.7,0.2,8,350.0,359.0,1,1
instancia_mediana.json,60,0.7,0.2,9,350.0,351.0,1,1
instancia_mediana.json,60,0.7,0.2,10,350.0,351.0,1,1
instancia_mediana.json,60,0.7,0.2,11,350.0,343.0,1,1
instancia_mediana.json,60,0.7,0.2,12,225.0,362.0,1,1
instancia_mediana.json,60,0.7,0.2,13,325.0,348.0,1,1
instancia_mediana.json,60,0.7,0.2,14,300.0,365.0,1,1
instancia_mediana.json,60,0.7,0.2,15,300.0,352.0,1,1
instancia_mediana.json,60,0.7,0.2,16,325.0,366.0,1,1
instancia_mediana.json,60,0.7,0.2,17,325.0,362.0,1,1
instancia_mediana.json,60,0.7,0.2,18,350.0,358.0,1,1
instancia_mediana.json,60,0.7,0.2,19,200.0,351.0,1,1
instancia_mediana.json,60,0.7,0.2,20,300.0,376.0,1,1
instancia_mediana.json,60,0.7,0.2,21,300.0,377.0,1,1
instancia_mediana.json,60,0.7,0.2,22,350.0,370.0,1,1
instancia_mediana.json,60,0.7,0.2,23,350.0,358.0,1,1
instancia_mediana.json,60,0.7,0.2,24,350.0,387.0,1,1
instancia_mediana.json,60,0.7,0.2,25,350.0,354.0,1,1
instancia_mediana.json,60,0.7,0.2,26,300.0,360.0,1,1
instancia_mediana.json,60,0.7,0.2,27,250.0,362.0,1,1
instancia_mediana.json,60,0.7,0.2,28,300.0,356.0,1,1
instancia_mediana.json,60,0.7,0.2,29,325.0,367.0,1,1
instancia_mediana.json,60,0.9,0.05,0,350.0,343.0,1,1
instancia_mediana.json,60,0.9,0.05,1,300.0,355.0,1,1
instancia_mediana.json,60,0.9,0.05,2,375.0,349.0,1,1
instancia_mediana.json,60,0.9,0.05,3,350.0,343.0,1,1
instancia_mediana.json,60,0.9,0.05,4,325.0,344.0,1,1
instancia_mediana.json,60,0.9,0.05,5,325.0,340.0,1,1
instancia_mediana.json,60,0.9,0.05,6,300.0,356.0,1,1
instancia_mediana.json,60,0.9,0.05,7,300.0,349.0,1,1
instancia_mediana.json,60,0.9,0.05,8,350.0,403.0,1,1
instancia_mediana.json,60,0.9,0.05,9,350.0,354.0,1,1
instancia_mediana.json,60,0.9,0.05,10,300.0,354.0,1,1
instancia_mediana.json,60,0.9,0.05,11,294.0,419.0,2,2
instancia_mediana.json,60,0.9,0.05,12,321.0,411.0,3,3
instancia_mediana.json,60,0.9,0.05,13,275.0,344.0,1,1
instancia_mediana.json,60,0.9,0.05,14,325.0,392.0,1,1
instancia_mediana.json,60,0.9,0.05,15,350.0,381.0,1,1
instancia_mediana.json,60,0.9,0.05,16,225.0,344.0,1,1
instancia_mediana.json,60,0.9,0.05,17,250.0,339.0,1,1
instancia_mediana.json,60,0.9,0.05,18,275.0,343.0,1,1
instancia_mediana.json,60,0.9,0.05,19,325.0,349.0,1,1
instancia_mediana.json,60,0.9,0.05,20,350.0,351.0,1,1
instancia_mediana.json,60,0.9,0.05,21,350.0,369.0,1,1
instancia_mediana.json,60,0.9,0.05,22,350.0,343.0,1,1
instancia_mediana.json,60,0.9,0.05,23,275.0,339.0,1,1
instancia_mediana.json,60,0.9,0.05,24,175.0,326.0,1,1
instancia_mediana.json,60,0.9,0.05,25,325.0,336.0,1,1
instancia_mediana.json,60,0.9,0.05,26,250.0,339.0,1,1
instancia_mediana.json,60,0.9,0.05,27,275.0,355.0,1,1
instancia_mediana.json,60,0.9,0.05,28,350.0,343.0,1,1
instancia_mediana.json,60,0.9,0.05,29,350.0,374.0,1,1
instancia_mediana.json,60,0.9,0.1,0,300.0,353.0,1,1
instancia_mediana.json,60,0.9,0.1,1,325.0,345.0,1,1
instancia_mediana.json,60,0.9,0.1,2,350.0,375.0,1,1
instancia_mediana.json,60,0.9,0.1,3,275.0,343.0,1,1
instancia_mediana.json,60,0.9,0.1,4,300.0,361.0,1,1
instancia_mediana.json,60,0.9,0.1,5,350.0,351.0,1,1
instancia_mediana.json,60,0.9,0.1,6,350.0,359.0,1,1
instancia_mediana.json,60,0.9,0.1,7,225.0,334.0,1,1
instancia_mediana.json,60,0.9,0.1,8,350.0,355.0,1,1
instancia_mediana.json,60,0.9,0.1,9,375.0,373.0,1,1
instancia_mediana.json,60,0.9,0.1,10,250.0,361.0,1,1
instancia_mediana.json,60,0.9,0.1,11,350.0,346.0,1,1
instancia_mediana.json,60,0.9,0.1,12,225.0,352.0,1,1
instancia_mediana.json,60,0.9,0.1,13,275.0,346.0,1,1
instancia_mediana.json,60,0.9,0.1,14,300.0,390.0,1,1
instancia_mediana.json,60,0.9,0.1,15,275.0,349.0,1,1
instancia_mediana.json,60,0.9,0.1,16,350.0,338.0,1,1
instancia_mediana.json,60,0.9,0.1,17,300.0,357.0,1,1
instancia_mediana.json,60,0.9,0.1,18,225.0,341.0,1,1
instancia_mediana.json,60,0.9,0.1,19,300.0,344.0,1,1
instancia_mediana.json,60,0.9,0.1,20,350.0,354.0,1,1
instancia_mediana.json,60,0.9,0.1,21,325.0,356.0,1,1
instancia_mediana.json,60,0.9,0.1,22,250.0,368.0,1,1
instancia_mediana.json,60,0.9,0.1,23,200.0,336.0,1,1
instancia_mediana.json,60,0.9,0.1,24,350.0,372.0,1,1
instancia_mediana.json,60,0.9,0.1,25,350.0,365.0,1,1
instancia_mediana.json,60,0.9,0.1,26,350.0,344.0,1,1
instancia_mediana.json,60,0.9,0.1,27,325.0,359.0,1,1
instancia_mediana.json,60,0.9,0.1,28,300.0,352.0,1,1
instancia_mediana.json,60,0.9,0.1,29,350.0,342.0,1,1
instancia_mediana.json,60,0.9,0.2,0,350.0,386.0,1,1
instancia_mediana.json,60,0.9,0.2,1,325.0,370.0,1,1
instancia_mediana.json,60,0.9,0.2,2,350.0,378.0,1,1
instancia_mediana.json,60,0.9,0.2,3,350.0,374.0,1,1
instancia_mediana.json,60,0.9,0.2,4,350.0,391.0,1,1
instancia_mediana.json,60,0.9,0.2,5,325.0,354.0,1,1
instancia_mediana.json,60,0.9,0.2,6,325.0,379.0,1,1
instancia_mediana.json,60,0.9,0.2,7,350.0,386.0,1,1
instancia_mediana.json,60,0.9,0.2,8,325.0,361.0,1,1
instancia_mediana.json,60,0.9,0.2,9,325.0,352.0,1,1
instancia_mediana.json,60,0.9,0.2,10,300.0,358.0,1,1
instancia_mediana.json,60,0.9,0.2,11,300.0,351.0,1,1
instancia_mediana.json,60,0.9,0.2,12,350.0,370.0,1,1
instancia_mediana.json,60,0.9,0.2,13,275.0,377.0,1,1
instancia_mediana.json,60,0.9,0.2,14,350.0,375.0,1,1
instancia_mediana.json,60,0.9,0.2,15,300.0,348.0,1,1
instancia_mediana.json,60,0.9,0.2,16,350.0,396.0,1,1
instancia_mediana.json,60,0.9,0.2,17,300.0,359.0,1,1
instancia_mediana.json,60,0.9,0.2,18,300.0,361.0,1,1
instancia_mediana.json,60,0.9,0.2,19,350.0,400.0,1,1
instancia_mediana.json,60,0.9,0.2,20,325.0,356.0,1,1
instancia_mediana.json,60,0.9,0.2,21,300.0,358.0,1,1
instancia_mediana.json,60,0.9,0.2,22,275.0,379.0,1,1
instancia_mediana.json,60,0.9,0.2,23,300.0,369.0,1,1
instancia_mediana.json,60,0.9,0.2,24,350.0,436.0,1,1
instancia_mediana.json,60,0.9,0.2,25,350.0,355.0,1,1
instancia_mediana.json,60,0.9,0.2,26,350.0,374.0,1,1
instancia_mediana.json,60,0.9,0.2,27,350.0,353.0,1,1
instancia_mediana.json,60,0.9,0.2,28,350.0,381.0,1,1
instancia_mediana.json,60,0.9,0.2,29,300.0,368.0,1,1
instancia_mediana.json,60,1.0,0.05,0,300.0,360.0,1,1
instancia_mediana.json,60,1.0,0.05,1,350.0,347.0,1,1
instancia_mediana.json,60,1.0,0.05,2,349.0,381.0,2,2
instancia_mediana.json,60,1.0,0.05,3,300.0,343.0,1,1
instancia_mediana.json,60,1.0,0.05,4,300.0,398.0,1,1
instancia_mediana.json,60,1.0,0.05,5,350.0,344.0,1,1
instancia_mediana.json,60,1.0,0.05,6,275.0,370.0,1,1
instancia_mediana.json,60,1.0,0.05,7,275.0,354.0,1,1
instancia_mediana.json,60,1.0,0.05,8,350.0,370.0,1,1
instancia_mediana.json,60,1.0,0.05,9,375.0,339.0,1,1
instancia_mediana.json,60,1.0,0.05,10,350.0,349.0,1,1
instancia_mediana.json,60,1.0,0.05,11,225.0,350.0,1,1
instancia_mediana.json,60,1.0,0.05,12,350.0,340.0,1,1
instancia_mediana.json,60,1.0,0.05,13,350.0,358.0,1,1
instancia_mediana.json,60,1.0,0.05,14,350.0,360.0,1,1
instancia_mediana.json,60,1.0,0.05,15,300.0,374.0,1,1
instancia_mediana.json,60,1.0,0.05,16,248.0,410.0,6,6
instancia_mediana.json,60,1.0,0.05,17,350.0,344.0,1,1
instancia_mediana.json,60,1.0,0.05,18,350.0,334.0,1,1
instancia_mediana.json,60,1.0,0.05,19,350.0,374.0,1,1
instancia_mediana.json,60,1.0,0.05,20,350.0,388.0,1,1
instancia_mediana.json,60,1.0,0.05,21,300.0,344.0,1,1
instancia_mediana.json,60,1.0,0.05,22,275.0,386.0,1,1
instancia_mediana.json,60,1.0,0.05,23,317.0,345.0,2,2
instancia_mediana.json,60,1.0,0.05,24,309.0,378.0,2,2
instancia_mediana.json,60,1.0,0.05,25,275.0,378.0,1,1
instancia_mediana.json,60,1.0,0.05,26,275.0,346.0,1,1
instancia_mediana.json,60,1.0,0.05,27,350.0,341.0,1,1
instancia_mediana.json,60,1.0,0.05,28,350.0,350.0,1,1
instancia_mediana.json,60,1.0,0.05,29,350.0,396.0,1,1
instancia_mediana.json,60,1.0,0.1,0,350.0,369.0,1,1
instancia_mediana.json,60,1.0,0.1,1,350.0,350.0,1,1
instancia_mediana.json,60,1.0,0.1,2,300.0,352.0,1,1
instancia_mediana.json,60,1.0,0.1,3,350.0,361.0,1,1
instancia_mediana.json,60,1.0,0.1,4,300.0,398.0,1,1
instancia_mediana.json,60,1.0,0.1,5,275.0,355.0,1,1
instancia_mediana.json,60,1.0,0.1,6,325.0,354.0,1,1
instancia_mediana.json,60,1.0,0.1,7,375.0,373.0,1,1
instancia_mediana.json,60,1.0,0.1,8,350.0,353.0,1,1
instancia_mediana.json,60,1.0,0.1,9,300.0,344.0,1,1
instancia_mediana.json,60,1.0,0.1,10,300.0,355.0,1,1
instancia_mediana.json,60,1.0,0.1,11,300.0,360.0,1,1
instancia_mediana.json,60,1.0,0.1,12,350.0,357.0,1,1
instancia_mediana.json,60,1.0,0.1,13,350.0,359.0,1,1
instancia_mediana.json,60,1.0,0.1,14,325.0,358.0,1,1
instancia_mediana.json,60,1.0,0.1,15,350.0,372.0,1,1
instancia_mediana.json,60,1.0,0.1,16,300.0,355.0,1,1
instancia_mediana.json,60,1.0,0.1,17,350.0,411.0,1,1
instancia_mediana.json,60,1.0,0.1,18,350.0,373.0,1,1
instancia_mediana.json,60,1.0,0.1,19,350.0,371.0,1,1
instancia_mediana.json,60,1.0,0.1,20,350.0,373.0,1,1
instancia_mediana.json,60,1.0,0.1,21,350.0,349.0,1,1
instancia_mediana.json,60,1.0,0.1,22,275.0,346.0,1,1
instancia_mediana.json,60,1.0,0.1,23,350.0,345.0,1,1
instancia_mediana.json,60,1.0,0.1,24,273.0,368.0,2,2
instancia_mediana.json,60,1.0,0.1,25,367.0,412.0,3,3
instancia_mediana.json,60,1.0,0.1,26,275.0,382.0,1,1
instancia_mediana.json,60,1.0,0.1,27,225.0,371.0,1,1
instancia_mediana.json,60,1.0,0.1,28,350.0,372.0,1,1
instancia_mediana.json,60,1.0,0.1,29,350.0,350.0,1,1
instancia_mediana.json,60,1.0,0.2,0,300.0,359.0,1,1
instancia_mediana.json,60,1.0,0.2,1,321.0,385.0,2,2
instancia_mediana.json,60,1.0,0.2,2,325.0,353.0,1,1
instancia_mediana.json,60,1.0,0.2,3,350.0,358.0,1,1
instancia_mediana.json,60,1.0,0.2,4,300.0,386.0,1,1
instancia_mediana.json,60,1.0,0.2,5,350.0,424.0,1,1
instancia_mediana.json,60,1.0,0.2,6,275.0,361.0,1,1
instancia_mediana.json,60,1.0,0.2,7,350.0,377.0,1,1
instancia_mediana.json,60,1.0,0.2,8,350.0,370.0,1,1
instancia_mediana.json,60,1.0,0.2,9,275.0,361.0,1,1
instancia_mediana.json,60,1.0,0.2,10,350.0,378.0,1,1
instancia_mediana.json,60,1.0,0.2,11,350.0,381.0,1,1
instancia_mediana.json,60,1.0,0.2,12,275.0,400.0,1,1
instancia_mediana.json,60,1.0,0.2,13,250.0,363.0,1,1
instancia_mediana.json,60,1.0,0.2,14,375.0,375.0,1,1
instancia_mediana.json,60,1.0,0.2,15,225.0,407.0,1,1
instancia_mediana.json,60,1.0,0.2,16,300.0,356.0,1,1
instancia_mediana.json,60,1.0,0.2,17,300.0,379.0,1,1
instancia_mediana.json,60,1.0,0.2,18,323.0,440.0,2,2
instancia_mediana.json,60,1.0,0.2,19,325.0,362.0,1,1
instancia_mediana.json,60,1.0,0.2,20,325.0,354.0,1,1
instancia_mediana.json,60,1.0,0.2,21,325.0,366.0,1,1
instancia_mediana.json,60,1.0,0.2,22,350.0,364.0,1,1
instancia_mediana.json,60,1.0,0.2,23,350.0,372.0,1,1
instancia_mediana.json,60,1.0,0.2,24,250.0,345.0,1,1
instancia_mediana.json,60,1.0,0.2,25,250.0,349.0,1,1
instancia_mediana.json,60,1.0,0.2,26,350.0,385.0,1,1
instancia_mediana.json,60,1.0,0.2,27,350.0,373.0,1,1
instancia_mediana.json,60,1.0,0.2,28,350.0,397.0,1,1
instancia_mediana.json,60,1.0,0.2,29,375.0,380.0,1,1
instancia_mediana.json,120,0.7,0.05,0,350.0,454.0,1,1
instancia_mediana.json,120,0.7,0.05,1,292.0,453.0,2,2
instancia_mediana.json,120,0.7,0.05,2,325.0,425.0,1,1
instancia_mediana.json,120,0.7,0.05,3,350.0,416.0,1,1
instancia_mediana.json,120,0.7,0.05,4,275.0,440.0,1,1
instancia_mediana.json,120,0.7,0.05,5,350.0,451.0,1,1
instancia_mediana.json,120,0.7,0.05,6,300.0,446.0,1,1
instancia_mediana.json,120,0.7,0.05,7,348.0,437.0,2,2
instancia_mediana.json,120,0.7,0.05,8,350.0,431.0,1,1
instancia_mediana.json,120,0.7,0.05,9,300.0,424.0,1,1
instancia_mediana.json,120,0.7,0.05,10,300.0,411.0,1,1
instancia_mediana.json,120,0.7,0.05,11,350.0,453.0,1,1
instancia_mediana.json,120,0.7,0.05,12,350.0,449.0,1,1
instancia_mediana.json,120,0.7,0.05,13,350.0,440.0,1,1
instancia_mediana.json,120,0.7,0.05,14,300.0,429.0,1,1
instancia_mediana.json,120,0.7,0.05,15,325.0,447.0,1,1
instancia_mediana.json,120,0.7,0.05,16,350.0,440.0,1,1
instancia_mediana.json,120,0.7,0.05,17,325.0,432.0,1,1
instancia_mediana.json,120,0.7,0.05,18,275.0,436.0,1,1
instancia_mediana.json,120,0.7,0.05,19,300.0,452.0,1,1
instancia_mediana.json,120,0.7,0.05,20,325.0,441.0,1,1
instancia_mediana.json,120,0.7,0.05,21,250.0,433.0,1,1
instancia_mediana.json,120,0.7,0.05,22,225.0,418.0,1,1
instancia_mediana.json,120,0.7,0.05,23,300.0,487.0,1,1
instancia_mediana.json,120,0.7,0.05,24,125.0,404.0,1,1
instancia_mediana.json,120,0.7,0.05,25,300.0,415.0,1,1
instancia_mediana.json,120,0.7,0.05,26,350.0,432.0,1,1
instancia_mediana.json,120,0.7,0.05,27,350.0,431.0,1,1
instancia_mediana.json,120,0.7,0.05,28,300.0,457.0,1,1
instancia_mediana.json,120,0.7,0.05,29,350.0,432.0,1,1
instancia_mediana.json,120,0.7,0.1,0,350.0,433.0,1,1
instancia_mediana.json,120,0.7,0.1,1,348.0,449.0,2,2
instancia_mediana.json,120,0.7,0.1,2,275.0,456.0,1,1
instancia_mediana.json,120,0.7,0.1,3,275.0,425.0,1,1
instancia_mediana.json,120,0.7,0.1,4,350.0,423.0,1,1
instancia_mediana.json,120,0.7,0.1,5,350.0,457.0,1,1
instancia_mediana.json,120,0.7,0.1,6,350.0,431.0,1,1
instancia_mediana.json,120,0.7,0.1,7,350.0,425.0,1,1
instancia_mediana.json,120,0.7,0.1,8,275.0,417.0,1,1
instancia_mediana.json,120,0.7,0.1,9,350.0,431.0,1,1
instancia_mediana.json,120,0.7,0.1,10,350.0,441.0,1,1
instancia_mediana.json,120,0.7,0.1,11,350.0,423.0,1,1
instancia_mediana.json,120,0.7,0.1,12,250.0,414.0,1,1
instancia_mediana.json,120,0.7,0.1,13,350.0,449.0,1,1
instancia_mediana.json,120,0.7,0.1,14,350.0,466.0,1,1
instancia_mediana.json,120,0.7,0.1,15,275.0,433.0,1,1
instancia_mediana.json,120,0.7,0.1,16,350.0,441.0,1,1
instancia_mediana.json,120,0.7,0.1,17,325.0,414.0,1,1
instancia_mediana.json,120,0.7,0.1,18,275.0,431.0,1,1
instancia_mediana.json,120,0.7,0.1,19,275.0,430.0,1,1
instancia_mediana.json,120,0.7,0.1,20,375.0,440.0,1,1
instancia_mediana.json,120,0.7,0.1,21,325.0,453.0,1,1
instancia_mediana.json,120,0.7,0.1,22,350.0,424.0,1,1
instancia_mediana.json,120,0.7,0.1,23,350.0,426.0,1,1
instancia_mediana.json,120,0.7,0.1,24,350.0,437.0,1,1
instancia_mediana.json,120,0.7,0.1,25,350.0,475.0,1,1
instancia_mediana.json,120,0.7,0.1,26,350.0,465.0,1,1
instancia_mediana.json,120,0.7,0.1,27,325.0,440.0,1,1
instancia_mediana.json,120,0.7,0.1,28,350.0,447.0,1,1
instancia_mediana.json,120,0.7,0.1,29,350.0,427.0,1,1
instancia_mediana.json,120,0.7,0.2,0,350.0,472.0,1,1
instancia_mediana.json,120,0.7,0.2,1,350.0,438.0,1,1
instancia_mediana.json,120,0.7,0.2,2,350.0,449.0,1,1
instancia_mediana.json,120,0.7,0.2,3,325.0,459.0,1,1
instancia_mediana.json,120,0.7,0.2,4,350.0,463.0,1,1
instancia_mediana.json,120,0.7,0.2,5,350.0,450.0,1,1
instancia_mediana.json,120,0.7,0.2,6,350.0,453.0,1,1
instancia_mediana.json,120,0.7,0.2,7,350.0,473.0,1,1
instancia_mediana.json,120,0.7,0.2,8,350.0,437.0,1,1
instancia_mediana.json,120,0.7,0.2,9,350.0,469.0,1,1
instancia_mediana.json,120,0.7,0.2,10,325.0,459.0,1,1
instancia_mediana.json,120,0.7,0.2,11,375.0,477.0,1,1
instancia_mediana.json,120,0.7,0.2,12,350.0,465.0,1,1
instancia_mediana.json,120,0.7,0.2,13,350.0,462.0,1,1
instancia_mediana.json,120,0.7,0.2,14,273.0,471.0,2,2
instancia_mediana.json,120,0.7,0.2,15,350.0,446.0,1,1
instancia_mediana.json,120,0.7,0.2,16,350.0,457.0,1,1
instancia_mediana.json,120,0.7,0.2,17,275.0,440.0,1,1
instancia_mediana.json,120,0.7,0.2,18,350.0,447.0,1,1
instancia_mediana.json,120,0.7,0.2,19,350.0,452.0,1,1
instancia_mediana.json,120,0.7,0.2,20,300.0,433.0,1,1
instancia_mediana.json,120,0.7,0.2,21,300.0,475.0,1,1
instancia_mediana.json,120,0.7,0.2,22,350.0,511.0,1,1
instancia_mediana.json,120,0.7,0.2,23,346.0,492.0,2,2
instancia_mediana.json,120,0.7,0.2,24,300.0,460.0,1,1
instancia_mediana.json,120,0.7,0.2,25,350.0,470.0,1,1
instancia_mediana.json,120,0.7,0.2,26,350.0,510.0,1,1
instancia_mediana.json,120,0.7,0.2,27,300.0,500.0,1,1
instancia_mediana.json,120,0.7,0.2,28,325.0,524.0,1,1
instancia_mediana.json,120,0.7,0.2,29,350.0,510.0,1,1
instancia_mediana.json,120,0.9,0.05,0,275.0,487.0,1,1
instancia_mediana.json,120,0.9,0.05,1,350.0,458.0,1,1
instancia_mediana.json,120,0.9,0.05,2,342.0,501.0,2,2
instancia_mediana.json,120,0.9,0.05,3,325.0,449.0,1,1
instancia_mediana.json,120,0.9,0.05,4,350.0,556.0,1,1
instancia_mediana.json,120,0.9,0.05,5,275.0,547.0,1,1
instancia_mediana.json,120,0.9,0.05,6,350.0,548.0,1,1
instancia_mediana.json,120,0.9,0.05,7,223.0,506.0,2,2
instancia_mediana.json,120,0.9,0.05,8,248.0,522.0,2,2
instancia_mediana.json,120,0.9,0.05,9,300.0,620.0,1,1
instancia_mediana.json,120,0.9,0.05,10,275.0,456.0,1,1
instancia_mediana.json,120,0.9,0.05,11,350.0,551.0,1,1
instancia_mediana.json,120,0.9,0.05,12,350.0,476.0,1,1
instancia_mediana.json,120,0.9,0.05,13,374.0,470.0,2,2
instancia_mediana.json,120,0.9,0.05,14,275.0,458.0,1,1
instancia_mediana.json,120,0.9,0.05,15,375.0,496.0,1,1
instancia_mediana.json,120,0.9,0.05,16,325.0,471.0,1,1
instancia_mediana.json,120,0.9,0.05,17,300.0,453.0,1,1
instancia_mediana.json,120,0.9,0.05,18,350.0,499.0,1,1
instancia_mediana.json,120,0.9,0.05,19,325.0,478.0,1,1
instancia_mediana.json,120,0.9,0.05,20,270.0,486.0,2,2
instancia_mediana.json,120,0.9,0.05,21,300.0,450.0,1,1
instancia_mediana.json,120,0.9,0.05,22,350.0,442.0,1,1
instancia_mediana.json,120,0.9,0.05,23,200.0,499.0,1,1
instancia_mediana.json,120,0.9,0.05,24,350.0,462.0,1,1
instancia_mediana.json,120,0.9,0.05,25,324.0,465.0,2,2
instancia_mediana.json,120,0.9,0.05,26,325.0,458.0,1,1
instancia_mediana.json,120,0.9,0.05,27,350.0,440.0,1,1
instancia_mediana.json,120,0.9,0.05,28,267.0,455.0,2,2
instancia_mediana.json,120,0.9,0.05,29,325.0,459.0,1,1
instancia_mediana.json,120,0.9,0.1,0,350.0,479.0,1,1
instancia_mediana.json,120,0.9,0.1,1,325.0,482.0,1,1
instancia_mediana.json,120,0.9,0.1,2,350.0,468.0,1,1
instancia_mediana.json,120,0.9,0.1,3,350.0,570.0,1,1
instancia_mediana.json,120,0.9,0.1,4,275.0,484.0,1,1
instancia_mediana.json,120,0.9,0.1,5,350.0,517.0,1,1
instancia_mediana.json,120,0.9,0.1,6,300.0,439.0,1,1
instancia_mediana.json,120,0.9,0.1,7,350.0,474.0,1,1
instancia_mediana.json,120,0.9,0.1,8,350.0,467.0,1,1
instancia_mediana.json,120,0.9,0.1,9,325.0,445.0,1,1
instancia_mediana.json,120,0.9,0.1,10,375.0,480.0,1,1
instancia_mediana.json,120,0.9,0.1,11,350.0,472.0,1,1
instancia_mediana.json,120,0.9,0.1,12,350.0,490.0,1,1
instancia_mediana.json,120,0.9,0.1,13,324.0,466.0,2,2
instancia_mediana.json,120,0.9,0.1,14,300.0,465.0,1,1
instancia_mediana.json,120,0.9,0.1,15,350.0,450.0,1,1
instancia_mediana.json,120,0.9,0.1,16,350.0,518.0,1,1
instancia_mediana.json,120,0.9,0.1,17,350.0,464.0,1,1
instancia_mediana.json,120,0.9,0.1,18,375.0,460.0,1,1
instancia_mediana.json,120,0.9,0.1,19,350.0,463.0,1,1
instancia_mediana.json,120,0.9,0.1,20,275.0,466.0,1,1
instancia_mediana.json,120,0.9,0.1,21,350.0,474.0,1,1
instancia_mediana.json,120,0.9,0.1,22,325.0,493.0,1,1
instancia_mediana.json,120,0.9,0.1,23,275.0,475.0,1,1
instancia_mediana.json,120,0.9,0.1,24,275.0,469.0,1,1
instancia_mediana.json,120,0.9,0.1,25,350.0,466.0,1,1
instancia_mediana.json,120,0.9,0.1,26,350.0,452.0,1,1
instancia_mediana.json,120,0.9,0.1,27,300.0,478.0,1,1
instancia_mediana.json,120,0.9,0.1,28,350.0,487.0,1,1
instancia_mediana.json,120,0.9,0.1,29,275.0,457.0,1,1
instancia_mediana.json,120,0.9,0.2,0,350.0,454.0,1,1
instancia_mediana.json,120,0.9,0.2,1,300.0,463.0,1,1
instancia_mediana.json,120,0.9,0.2,2,325.0,476.0,1,1
instancia_mediana.json,120,0.9,0.2,3,300.0,465.0,1,1
instancia_mediana.json,120,0.9,0.2,4,350.0,463.0,1,1
instancia_mediana.json,120,0.9,0.2,5,300.0,465.0,1,1
instancia_mediana.json,120,0.9,0.2,6,323.0,472.0,2,2
instancia_mediana.json,120,0.9,0.2,7,350.0,523.0,1,1
instancia_mediana.json,120,0.9,0.2,8,350.0,502.0,1,1
instancia_mediana.json,120,0.9,0.2,9,300.0,450.0,1,1
instancia_mediana.json,120,0.9,0.2,10,350.0,486.0,1,1
instancia_mediana.json,120,0.9,0.2,11,325.0,447.0,1,1
instancia_mediana.json,120,0.9,0.2,12,350.0,512.0,1,1
instancia_mediana.json,120,0.9,0.2,13,300.0,493.0,1,1
instancia_mediana.json,120,0.9,0.2,14,350.0,548.0,1,1
instancia_mediana.json,120,0.9,0.2,15,350.0,507.0,1,1
instancia_mediana.json,120,0.9,0.2,16,350.0,481.0,1,1
instancia_mediana.json,120,0.9,0.2,17,375.0,469.0,1,1
instancia_mediana.json,120,0.9,0.2,18,350.0,523.0,1,1
instancia_mediana.json,120,0.9,0.2,19,350.0,458.0,1,1
instancia_mediana.json,120,0.9,0.2,20,350.0,561.0,1,1
instancia_mediana.json,120,0.9,0.2,21,350.0,579.0,1,1
instancia_mediana.json,120,0.9,0.2,22,350.0,509.0,1,1
instancia_mediana.json,120,0.9,0.2,23,350.0,474.0,1,1
instancia_mediana.json,120,0.9,0.2,24,275.0,465.0,1,1
instancia_mediana.json,120,0.9,0.2,25,350.0,490.0,1,1
instancia_mediana.json,120,0.9,0.2,26,350.0,558.0,1,1
instancia_mediana.json,120,0.9,0.2,27,350.0,487.0,1,1
instancia_mediana.json,120,0.9,0.2,28,350.0,488.0,1,1
instancia_mediana.json,120,0.9,0.2,29,350.0,476.0,1,1
instancia_mediana.json,120,1.0,0.05,0,275.0,441.0,1,1
instancia_mediana.json,120,1.0,0.05,1,350.0,483.0,1,1
instancia_mediana.json,120,1.0,0.05,2,325.0,504.0,1,1
instancia_mediana.json,120,1.0,0.05,3,350.0,529.0,1,1
instancia_mediana.json,120,1.0,0.05,4,275.0,465.0,1,1
instancia_mediana.json,120,1.0,0.05,5,300.0,471.0,1,1
instancia_mediana.json,120,1.0,0.05,6,300.0,550.0,1,1
instancia_mediana.json,120,1.0,0.05,7,325.0,446.0,1,1
instancia_mediana.json,120,1.0,0.05,8,350.0,504.0,1,1
instancia_mediana.json,120,1.0,0.05,9,325.0,489.0,1,1
instancia_mediana.json,120,1.0,0.05,10,375.0,497.0,1,1
instancia_mediana.json,120,1.0,0.05,11,350.0,570.0,1,1
instancia_mediana.json,120,1.0,0.05,12,324.0,494.0,2,2
instancia_mediana.json,120,1.0,0.05,13,350.0,531.0,1,1
instancia_mediana.json,120,1.0,0.05,14,348.0,551.0,2,2
instancia_mediana.json,120,1.0,0.05,15,325.0,513.0,1,1
instancia_mediana.json,120,1.0,0.05,16,350.0,457.0,1,1
instancia_mediana.json,120,1.0,0.05,17,280.0,480.0,2,2
instancia_mediana.json,120,1.0,0.05,18,350.0,518.0,1,1
instancia_mediana.json,120,1.0,0.05,19,325.0,467.0,1,1
instancia_mediana.json,120,1.0,0.05,20,350.0,543.0,1,1
instancia_mediana.json,120,1.0,0.05,21,350.0,444.0,1,1
instancia_mediana.json,120,1.0,0.05,22,375.0,457.0,1,1
instancia_mediana.json,120,1.0,0.05,23,275.0,435.0,1,1
instancia_mediana.json,120,1.0,0.05,24,300.0,461.0,1,1
instancia_mediana.json,120,1.0,0.05,25,350.0,498.0,1,1
instancia_mediana.json,120,1.0,0.05,26,350.0,453.0,1,1
instancia_mediana.json,120,1.0,0.05,27,350.0,533.0,1,1
instancia_mediana.json,120,1.0,0.05,28,350.0,526.0,1,1
instancia_mediana.json,120,1.0,0.05,29,225.0,598.0,1,1
instancia_mediana.json,120,1.0,0.1,0,350.0,430.0,1,1
instancia_mediana.json,120,1.0,0.1,1,350.0,520.0,1,1
instancia_mediana.json,120,1.0,0.1,2,349.0,488.0,2,2
instancia_mediana.json,120,1.0,0.1,3,323.0,487.0,2,2
instancia_mediana.json,120,1.0,0.1,4,350.0,516.0,1,1
instancia_mediana.json,120,1.0,0.1,5,350.0,447.0,1,1
instancia_mediana.json,120,1.0,0.1,6,350.0,491.0,1,1
instancia_mediana.json,120,1.0,0.1,7,350.0,510.0,1,1
instancia_mediana.json,120,1.0,0.1,8,350.0,461.0,1,1
instancia_mediana.json,120,1.0,0.1,9,350.0,513.0,1,1
instancia_mediana.json,120,1.0,0.1,10,350.0,466.0,1,1
instancia_mediana.json,120,1.0,0.1,11,350.0,521.0,1,1
instancia_mediana.json,120,1.0,0.1,12,350.0,527.0,1,1
instancia_mediana.json,120,1.0,0.1,13,325.0,455.0,1,1
instancia_mediana.json,120,1.0,0.1,14,350.0,521.0,1,1
instancia_mediana.json,120,1.0,0.1,15,325.0,440.0,1,1
instancia_mediana.json,120,1.0,0.1,16,375.0,479.0,1,1
instancia_mediana.json,120,1.0,0.1,17,350.0,451.0,1,1
instancia_mediana.json,120,1.0,0.1,18,350.0,445.0,1,1
instancia_mediana.json,120,1.0,0.1,19,346.0,496.0,2,2
instancia_mediana.json,120,1.0,0.1,20,350.0,495.0,1,1
instancia_mediana.json,120,1.0,0.1,21,374.0,521.0,2,2
instancia_mediana.json,120,1.0,0.1,22,350.0,452.0,1,1
instancia_mediana.json,120,1.0,0.1,23,350.0,468.0,1,1
instancia_mediana.json,120,1.0,0.1,24,350.0,487.0,1,1
instancia_mediana.json,120,1.0,0.1,25,275.0,482.0,1,1
instancia_mediana.json,120,1.0,0.1,26,300.0,467.0,1,1
instancia_mediana.json,120,1.0,0.1,27,350.0,489.0,1,1
instancia_mediana.json,120,1.0,0.1,28,350.0,475.0,1,1
instancia_mediana.json,120,1.0,0.1,29,350.0,457.0,1,1
instancia_mediana.json,120,1.0,0.2,0,350.0,537.0,1,1
instancia_mediana.json,120,1.0,0.2,1,350.0,519.0,1,1
instancia_mediana.json,120,1.0,0.2,2,350.0,531.0,1,1
instancia_mediana.json,120,1.0,0.2,3,350.0,498.0,1,1
instancia_mediana.json,120,1.0,0.2,4,350.0,541.0,1,1
instancia_mediana.json,120,1.0,0.2,5,300.0,459.0,1,1
instancia_mediana.json,120,1.0,0.2,6,350.0,502.0,1,1
instancia_mediana.json,120,1.0,0.2,7,300.0,465.0,1,1
instancia_mediana.json,120,1.0,0.2,8,350.0,546.0,1,1
instancia_mediana.json,120,1.0,0.2,9,350.0,483.0,1,1
instancia_mediana.json,120,1.0,0.2,10,325.0,507.0,1,1
instancia_mediana.json,120,1.0,0.2,11,350.0,543.0,1,1
instancia_mediana.json,120,1.0,0.2,12,350.0,478.0,1,1
instancia_mediana.json,120,1.0,0.2,13,350.0,534.0,1,1
instancia_mediana.json,120,1.0,0.2,14,300.0,452.0,1,1
instancia_mediana.json,120,1.0,0.2,15,350.0,487.0,1,1
instancia_mediana.json,120,1.0,0.2,16,350.0,498.0,1,1
instancia_mediana.json,120,1.0,0.2,17,350.0,493.0,1,1
instancia_mediana.json,120,1.0,0.2,18,350.0,540.0,1,1
instancia_mediana.json,120,1.0,0.2,19,375.0,528.0,1,1
instancia_mediana.json,120,1.0,0.2,20,350.0,475.0,1,1
instancia_mediana.json,120,1.0,0.2,21,350.0,516.0,1,1
instancia_mediana.json,120,1.0,0.2,22,350.0,493.0,1,1
instancia_mediana.json,120,1.0,0.2,23,325.0,491.0,1,1
instancia_mediana.json,120,1.0,0.2,24,350.0,500.0,1,1
instancia_mediana.json,120,1.0,0.2,25,350.0,479.0,1,1
instancia_mediana.json,120,1.0,0.2,26,350.0,479.0,1,1
instancia_mediana.json,120,1.0,0.2,27,350.0,499.0,1,1
instancia_mediana.json,120,1.0,0.2,28,350.0,525.0,1,1
instancia_mediana.json,120,1.0,0.2,29,350.0,446.0,1,1
instancia_mediana.json,200,0.7,0.05,0,300.0,560.0,1,1
instancia_mediana.json,200,0.7,0.05,1,369.0,632.0,2,2
instancia_mediana.json,200,0.7,0.05,2,350.0,599.0,1,1
instancia_mediana.json,200,0.7,0.05,3,300.0,554.0,1,1
instancia_mediana.json,200,0.7,0.05,4,325.0,570.0,1,1
instancia_mediana.json,200,0.7,0.05,5,350.0,586.0,1,1
instancia_mediana.json,200,0.7,0.05,6,350.0,640.0,1,1
instancia_mediana.json,200,0.7,0.05,7,300.0,567.0,1,1
instancia_mediana.json,200,0.7,0.05,8,350.0,627.0,1,1
instancia_mediana.json,200,0.7,0.05,9,350.0,617.0,1,1
instancia_mediana.json,200,0.7,0.05,10,350.0,605.0,1,1
instancia_mediana.json,200,0.7,0.05,11,375.0,578.0,1,1
instancia_mediana.json,200,0.7,0.05,12,250.0,604.0,1,1
instancia_mediana.json,200,0.7,0.05,13,300.0,568.0,1,1
instancia_mediana.json,200,0.7,0.05,14,275.0,594.0,1,1
instancia_mediana.json,200,0.7,0.05,15,350.0,609.0,1,1
instancia_mediana.json,200,0.7,0.05,16,275.0,604.0,1,1
instancia_mediana.json,200,0.7,0.05,17,275.0,587.0,1,1
instancia_mediana.json,200,0.7,0.05,18,325.0,587.0,1,1
instancia_mediana.json,200,0.7,0.05,19,350.0,601.0,1,1
instancia_mediana.json,200,0.7,0.05,20,350.0,596.0,1,1
instancia_mediana.json,200,0.7,0.05,21,300.0,581.0,1,1
instancia_mediana.json,200,0.7,0.05,22,319.0,539.0,2,2
instancia_mediana.json,200,0.7,0.05,23,350.0,596.0,1,1
instancia_mediana.json,200,0.7,0.05,24,334.0,652.0,2,2
instancia_mediana.json,200,0.7,0.05,25,300.0,587.0,1,1
instancia_mediana.json,200,0.7,0.05,26,350.0,605.0,1,1
instancia_mediana.json,200,0.7,0.05,27,300.0,639.0,1,1
instancia_mediana.json,200,0.7,0.05,28,350.0,611.0,1,1
instancia_mediana.json,200,0.7,0.05,29,334.0,646.0,2,2
instancia_mediana.json,200,0.7,0.1,0,325.0,584.0,1,1
instancia_mediana.json,200,0.7,0.1,1,350.0,611.0,1,1
instancia_mediana.json,200,0.7,0.1,2,350.0,583.0,1,1
instancia_mediana.json,200,0.7,0.1,3,350.0,602.0,1,1
instancia_mediana.json,200,0.7,0.1,4,350.0,597.0,1,1
instancia_mediana.json,200,0.7,0.1,5,348.0,649.0,2,2
instancia_mediana.json,200,0.7,0.1,6,275.0,578.0,1,1
instancia_mediana.json,200,0.7,0.1,7,325.0,606.0,1,1
instancia_mediana.json,200,0.7,0.1,8,350.0,595.0,1,1
instancia_mediana.json,200,0.7,0.1,9,275.0,583.0,1,1
instancia_mediana.json,200,0.7,0.1,10,350.0,583.0,1,1
instancia_mediana.json,200,0.7,0.1,11,250.0,589.0,1,1
instancia_mediana.json,200,0.7,0.1,12,323.0,706.0,2,2
instancia_mediana.json,200,0.7,0.1,13,350.0,595.0,1,1
instancia_mediana.json,200,0.7,0.1,14,325.0,577.0,1,1
instancia_mediana.json,200,0.7,0.1,15,300.0,572.0,1,1
instancia_mediana.json,200,0.7,0.1,16,325.0,598.0,1,1
instancia_mediana.json,200,0.7,0.1,17,350.0,613.0,1,1
instancia_mediana.json,200,0.7,0.1,18,350.0,630.0,1,1
instancia_mediana.json,200,0.7,0.1,19,350.0,586.0,1,1
instancia_mediana.json,200,0.7,0.1,20,350.0,558.0,1,1
instancia_mediana.json,200,0.7,0.1,21,250.0,561.0,1,1
instancia_mediana.json,200,0.7,0.1,22,350.0,610.0,1,1
instancia_mediana.json,200,0.7,0.1,23,350.0,629.0,1,1
instancia_mediana.json,200,0.7,0.1,24,300.0,603.0,1,1
instancia_mediana.json,200,0.7,0.1,25,350.0,610.0,1,1
instancia_mediana.json,200,0.7,0.1,26,300.0,615.0,1,1
instancia_mediana.json,200,0.7,0.1,27,325.0,626.0,1,1
instancia_mediana.json,200,0.7,0.1,28,350.0,576.0,1,1
instancia_mediana.json,200,0.7,0.1,29,350.0,591.0,1,1
instancia_mediana.json,200,0.7,0.2,0,350.0,618.0,1,1
instancia_mediana.json,200,0.7,0.2,1,350.0,619.0,1,1
instancia_mediana.json,200,0.7,0.2,2,375.0,621.0,1,1
instancia_mediana.json,200,0.7,0.2,3,350.0,609.0,1,1
instancia_mediana.json,200,0.7,0.2,4,350.0,649.0,1,1
instancia_mediana.json,200,0.7,0.2,5,350.0,676.0,1,1
instancia_mediana.json,200,0.7,0.2,6,350.0,593.0,1,1
instancia_mediana.json,200,0.7,0.2,7,350.0,625.0,1,1
instancia_mediana.json,200,0.7,0.2,8,350.0,610.0,1,1
instancia_mediana.json,200,0.7,0.2,9,350.0,615.0,1,1
instancia_mediana.json,200,0.7,0.2,10,350.0,644.0,1,1
instancia_mediana.json,200,0.7,0.2,11,350.0,627.0,1,1
instancia_mediana.json,200,0.7,0.2,12,275.0,616.0,1,1
instancia_mediana.json,200,0.7,0.2,13,348.0,582.0,2,2
instancia_mediana.json,200,0.7,0.2,14,350.0,648.0,1,1
instancia_mediana.json,200,0.7,0.2,15,334.0,612.0,2,2
instancia_mediana.json,200,0.7,0.2,16,350.0,607.0,1,1
instancia_mediana.json,200,0.7,0.2,17,350.0,629.0,1,1
instancia_mediana.json,200,0.7,0.2,18,342.0,608.0,2,2
instancia_mediana.json,200,0.7,0.2,19,350.0,646.0,1,1
instancia_mediana.json,200,0.7,0.2,20,324.0,625.0,2,2
instancia_mediana.json,200,0.7,0.2,21,350.0,621.0,1,1
instancia_mediana.json,200,0.7,0.2,22,325.0,590.0,1,1
instancia_mediana.json,200,0.7,0.2,23,300.0,602.0,1,1
instancia_mediana.json,200,0.7,0.2,24,350.0,621.0,1,1
instancia_mediana.json,200,0.7,0.2,25,325.0,600.0,1,1
instancia_mediana.json,200,0.7,0.2,26,300.0,625.0,1,1
instancia_mediana.json,200,0.7,0.2,27,317.0,587.0,2,2
instancia_mediana.json,200,0.7,0.2,28,350.0,636.0,1,1
instancia_mediana.json,200,0.7,0.2,29,350.0,593.0,1,1
instancia_mediana.json,200,0.9,0.05,0,350.0,671.0,1,1
instancia_mediana.json,200,0.9,0.05,1,350.0,660.0,1,1
instancia_mediana.json,200,0.9,0.05,2,326.0,652.0,2,2
instancia_mediana.json,200,0.9,0.05,3,350.0,620.0,1,1
instancia_mediana.json,200,0.9,0.05,4,275.0,595.0,1,1
instancia_mediana.json,200,0.9,0.05,5,350.0,658.0,1,1
instancia_mediana.json,200,0.9,0.05,6,300.0,617.0,1,1
instancia_mediana.json,200,0.9,0.05,7,300.0,610.0,1,1
instancia_mediana.json,200,0.9,0.05,8,375.0,674.0,1,1
instancia_mediana.json,200,0.9,0.05,9,298.0,633.0,2,2
instancia_mediana.json,200,0.9,0.05,10,350.0,601.0,1,1
instancia_mediana.json,200,0.9,0.05,11,325.0,609.0,1,1
instancia_mediana.json,200,0.9,0.05,12,350.0,689.0,1,1
instancia_mediana.json,200,0.9,0.05,13,300.0,660.0,1,1
instancia_mediana.json,200,0.9,0.05,14,325.0,612.0,1,1
instancia_mediana.json,200,0.9,0.05,15,375.0,607.0,1,1
instancia_mediana.json,200,0.9,0.05,16,325.0,603.0,1,1
instancia_mediana.json,200,0.9,0.05,17,350.0,610.0,1,1
instancia_mediana.json,200,0.9,0.05,18,350.0,627.0,1,1
instancia_mediana.json,200,0.9,0.05,19,323.0,622.0,2,2
instancia_mediana.json,200,0.9,0.05,20,375.0,604.0,1,1
instancia_mediana.json,200,0.9,0.05,21,342.0,629.0,2,2
instancia_mediana.json,200,0.9,0.05,22,350.0,621.0,1,1
instancia_mediana.json,200,0.9,0.05,23,350.0,621.0,1,1
instancia_mediana.json,200,0.9,0.05,24,350.0,594.0,1,1
instancia_mediana.json,200,0.9,0.05,25,348.0,636.0,2,2
instancia_mediana.json,200,0.9,0.05,26,350.0,636.0,1,1
instancia_mediana.json,200,0.9,0.05,27,350.0,601.0,1,1
instancia_mediana.json,200,0.9,0.05,28,350.0,623.0,1,1
instancia_mediana.json,200,0.9,0.05,29,350.0,611.0,1,1
instancia_mediana.json,200,0.9,0.1,0,325.0,602.0,1,1
instancia_mediana.json,200,0.9,0.1,1,350.0,596.0,1,1
instancia_mediana.json,200,0.9,0.1,2,275.0,601.0,1,1
instancia_mediana.json,200,0.9,0.1,3,350.0,667.0,1,1
instancia_mediana.json,200,0.9,0.1,4,350.0,655.0,1,1
instancia_mediana.json,200,0.9,0.1,5,325.0,660.0,1,1
instancia_mediana.json,200,0.9,0.1,6,350.0,589.0,1,1
instancia_mediana.json,200,0.9,0.1,7,350.0,685.0,1,1
instancia_mediana.json,200,0.9,0.1,8,350.0,625.0,1,1
instancia_mediana.json,200,0.9,0.1,9,350.0,673.0,1,1
instancia_mediana.json,200,0.9,0.1,10,350.0,616.0,1,1
instancia_mediana.json,200,0.9,0.1,11,350.0,625.0,1,1
instancia_mediana.json,200,0.9,0.1,12,350.0,674.0,1,1
instancia_mediana.json,200,0.9,0.1,13,275.0,588.0,1,1
instancia_mediana.json,200,0.9,0.1,14,300.0,630.0,1,1
instancia_mediana.json,200,0.9,0.1,15,350.0,632.0,1,1
instancia_mediana.json,200,0.9,0.1,16,350.0,646.0,1,1
instancia_mediana.json,200,0.9,0.1,17,350.0,615.0,1,1
instancia_mediana.json,200,0.9,0.1,18,350.0,625.0,1,1
instancia_mediana.json,200,0.9,0.1,19,350.0,671.0,1,1
instancia_mediana.json,200,0.9,0.1,20,350.0,613.0,1,1
instancia_mediana.json,200,0.9,0.1,21,375.0,643.0,1,1
instancia_mediana.json,200,0.9,0.1,22,350.0,693.0,1,1
instancia_mediana.json,200,0.9,0.1,23,350.0,715.0,1,1
instancia_mediana.json,200,0.9,0.1,24,350.0,751.0,1,1
instancia_mediana.json,200,0.9,0.1,25,300.0,644.0,1,1
instancia_mediana.json,200,0.9,0.1,26,350.0,649.0,1,1
instancia_mediana.json,200,0.9,0.1,27,350.0,639.0,1,1
instancia_mediana.json,200,0.9,0.1,28,350.0,643.0,1,1
instancia_mediana.json,200,0.9,0.1,29,350.0,636.0,1,1
instancia_mediana.json,200,0.9,0.2,0,350.0,675.0,1,1
instancia_mediana.json,200,0.9,0.2,1,350.0,666.0,1,1
instancia_mediana.json,200,0.9,0.2,2,350.0,632.0,1,1
instancia_mediana.json,200,0.9,0.2,3,350.0,634.0,1,1
instancia_mediana.json,200,0.9,0.2,4,300.0,614.0,1,1
instancia_mediana.json,200,0.9,0.2,5,350.0,650.0,1,1
instancia_mediana.json,200,0.9,0.2,6,350.0,668.0,1,1
instancia_mediana.json,200,0.9,0.2,7,350.0,665.0,1,1
instancia_mediana.json,200,0.9,0.2,8,350.0,636.0,1,1
instancia_mediana.json,200,0.9,0.2,9,350.0,665.0,1,1
instancia_mediana.json,200,0.9,0.2,10,350.0,667.0,1,1
instancia_mediana.json,200,0.9,0.2,11,350.0,649.0,1,1
instancia_mediana.json,200,0.9,0.2,12,350.0,636.0,1,1
instancia_mediana.json,200,0.9,0.2,13,375.0,678.0,1,1
instancia_mediana.json,200,0.9,0.2,14,350.0,643.0,1,1
instancia_mediana.json,200,0.9,0.2,15,350.0,637.0,1,1
instancia_mediana.json,200,0.9,0.2,16,325.0,613.0,1,1
instancia_mediana.json,200,0.9,0.2,17,350.0,662.0,1,1
instancia_mediana.json,200,0.9,0.2,18,350.0,671.0,1,1
instancia_mediana.json,200,0.9,0.2,19,350.0,696.0,1,1
instancia_mediana.json,200,0.9,0.2,20,350.0,679.0,1,1
instancia_mediana.json,200,0.9,0.2,21,350.0,652.0,1,1
instancia_mediana.json,200,0.9,0.2,22,350.0,665.0,1,1
instancia_mediana.json,200,0.9,0.2,23,350.0,649.0,1,1
instancia_mediana.json,200,0.9,0.2,24,275.0,636.0,1,1
instancia_mediana.json,200,0.9,0.2,25,350.0,647.0,1,1
instancia_mediana.json,200,0.9,0.2,26,350.0,643.0,1,1
instancia_mediana.json,200,0.9,0.2,27,350.0,634.0,1,1
instancia_mediana.json,200,0.9,0.2,28,350.0,627.0,1,1
instancia_mediana.json,200,0.9,0.2,29,325.0,656.0,1,1
instancia_mediana.json,200,1.0,0.05,0,350.0,678.0,1,1
instancia_mediana.json,200,1.0,0.05,1,350.0,665.0,1,1
instancia_mediana.json,200,1.0,0.05,2,300.0,649.0,1,1
instancia_mediana.json,200,1.0,0.05,3,350.0,652.0,1,1
instancia_mediana.json,200,1.0,0.05,4,350.0,681.0,1,1
instancia_mediana.json,200,1.0,0.05,5,350.0,646.0,1,1
instancia_mediana.json,200,1.0,0.05,6,344.0,660.0,2,2
instancia_mediana.json,200,1.0,0.05,7,350.0,650.0,1,1
instancia_mediana.json,200,1.0,0.05,8,350.0,666.0,1,1
instancia_mediana.json,200,1.0,0.05,9,350.0,648.0,1,1
instancia_mediana.json,200,1.0,0.05,10,350.0,646.0,1,1
instancia_mediana.json,200,1.0,0.05,11,350.0,687.0,1,1
instancia_mediana.json,200,1.0,0.05,12,350.0,694.0,1,1
instancia_mediana.json,200,1.0,0.05,13,350.0,641.0,1,1
instancia_mediana.json,200,1.0,0.05,14,350.0,631.0,1,1
instancia_mediana.json,200,1.0,0.05,15,350.0,634.0,1,1
instancia_mediana.json,200,1.0,0.05,16,350.0,691.0,1,1
instancia_mediana.json,200,1.0,0.05,17,350.0,687.0,1,1
instancia_mediana.json,200,1.0,0.05,18,350.0,685.0,1,1
instancia_mediana.json,200,1.0,0.05,19,350.0,719.0,1,1
instancia_mediana.json,200,1.0,0.05,20,350.0,701.0,1,1
instancia_mediana.json,200,1.0,0.05,21,350.0,728.0,1,1
instancia_mediana.json,200,1.0,0.05,22,350.0,564.0,1,1
instancia_mediana.json,200,1.0,0.05,23,350.0,635.0,1,1
instancia_mediana.json,200,1.0,0.05,24,350.0,682.0,1,1
instancia_mediana.json,200,1.0,0.05,25,350.0,622.0,1,1
instancia_mediana.json,200,1.0,0.05,26,350.0,678.0,1,1
instancia_mediana.json,200,1.0,0.05,27,350.0,711.0,1,1
instancia_mediana.json,200,1.0,0.05,28,350.0,708.0,1,1
instancia_mediana.json,200,1.0,0.05,29,350.0,646.0,1,1
instancia_mediana.json,200,1.0,0.1,0,350.0,706.0,1,1
instancia_mediana.json,200,1.0,0.1,1,350.0,702.0,1,1
instancia_mediana.json,200,1.0,0.1,2,350.0,660.0,1,1
instancia_mediana.json,200,1.0,0.1,3,350.0,685.0,1,1
instancia_mediana.json,200,1.0,0.1,4,375.0,637.0,1,1
instancia_mediana.json,200,1.0,0.1,5,334.0,689.0,2,2
instancia_mediana.json,200,1.0,0.1,6,350.0,630.0,1,1
instancia_mediana.json,200,1.0,0.1,7,342.0,639.0,2,2
instancia_mediana.json,200,1.0,0.1,8,325.0,654.0,1,1
instancia_mediana.json,200,1.0,0.1,9,375.0,641.0,1,1
instancia_mediana.json,200,1.0,0.1,10,350.0,693.0,1,1
instancia_mediana.json,200,1.0,0.1,11,325.0,672.0,1,1
instancia_mediana.json,200,1.0,0.1,12,350.0,679.0,1,1
instancia_mediana.json,200,1.0,0.1,13,375.0,635.0,1,1
instancia_mediana.json,200,1.0,0.1,14,350.0,681.0,1,1
instancia_mediana.json,200,1.0,0.1,15,350.0,697.0,1,1
instancia_mediana.json,200,1.0,0.1,16,350.0,653.0,1,1
instancia_mediana.json,200,1.0,0.1,17,350.0,655.0,1,1
instancia_mediana.json,200,1.0,0.1,18,350.0,699.0,1,1
instancia_mediana.json,200,1.0,0.1,19,350.0,660.0,1,1
instancia_mediana.json,200,1.0,0.1,20,350.0,615.0,1,1
instancia_mediana.json,200,1.0,0.1,21,350.0,651.0,1,1
instancia_mediana.json,200,1.0,0.1,22,350.0,703.0,1,1
instancia_mediana.json,200,1.0,0.1,23,350.0,688.0,1,1
instancia_mediana.json,200,1.0,0.1,24,350.0,672.0,1,1
instancia_mediana.json,200,1.0,0.1,25,350.0,647.0,1,1
instancia_mediana.json,200,1.0,0.1,26,350.0,644.0,1,1
instancia_mediana.json,200,1.0,0.1,27,350.0,690.0,1,1
instancia_mediana.json,200,1.0,0.1,28,300.0,683.0,1,1
instancia_mediana.json,200,1.0,0.1,29,350.0,694.0,1,1
instancia_mediana.json,200,1.0,0.2,0,350.0,674.0,1,1
instancia_mediana.json,200,1.0,0.2,1,350.0,677.0,1,1
instancia_mediana.json,200,1.0,0.2,2,275.0,620.0,1,1
instancia_mediana.json,200,1.0,0.2,3,325.0,701.0,1,1
instancia_mediana.json,200,1.0,0.2,4,350.0,691.0,1,1
instancia_mediana.json,200,1.0,0.2,5,350.0,653.0,1,1
instancia_mediana.json,200,1.0,0.2,6,350.0,676.0,1,1
instancia_mediana.json,200,1.0,0.2,7,300.0,618.0,1,1
instancia_mediana.json,200,1.0,0.2,8,350.0,698.0,1,1
instancia_mediana.json,200,1.0,0.2,9,350.0,687.0,1,1
instancia_mediana.json,200,1.0,0.2,10,269.0,617.0,2,2
instancia_mediana.json,200,1.0,0.2,11,274.0,677.0,2,2
instancia_mediana.json,200,1.0,0.2,12,350.0,664.0,1,1
instancia_mediana.json,200,1.0,0.2,13,350.0,680.0,1,1
instancia_mediana.json,200,1.0,0.2,14,350.0,668.0,1,1
instancia_mediana.json,200,1.0,0.2,15,350.0,685.0,1,1
instancia_mediana.json,200,1.0,0.2,16,300.0,654.0,1,1
instancia_mediana.json,200,1.0,0.2,17,350.0,634.0,1,1
instancia_mediana.json,200,1.0,0.2,18,325.0,665.0,1,1
instancia_mediana.json,200,1.0,0.2,19,273.0,664.0,2,2
instancia_mediana.json,200,1.0,0.2,20,350.0,688.0,1,1
instancia_mediana.json,200,1.0,0.2,21,325.0,690.0,1,1
instancia_mediana.json,200,1.0,0.2,22,375.0,669.0,1,1
instancia_mediana.json,200,1.0,0.2,23,350.0,700.0,1,1
instancia_mediana.json,200,1.0,0.2,24,350.0,687.0,1,1
instancia_mediana.json,200,1.0,0.2,25,350.0,646.0,1,1
instancia_mediana.json,200,1.0,0.2,26,350.0,681.0,1,1
instancia_mediana.json,200,1.0,0.2,27,375.0,654.0,1,1
instancia_mediana.json,200,1.0,0.2,28,375.0,641.0,1,1
instancia_mediana.json,200,1.0,0.2,29,350.0,664.0,1,1
instancia_pequena.json,60,0.7,0.05,0,8190.0,260.0,1,1
instancia_pequena.json,60,0.7,0.05,1,8190.0,130.0,1,1
instancia_pequena.json,60,0.7,0.05,2,8190.0,96.0,1,1
instancia_pequena.json,60,0.7,0.05,3,8190.0,90.0,1,1
instancia_pequena.json,60,0.7,0.05,4,8190.0,89.0,1,1
instancia_pequena.json,60,0.7,0.05,5,8190.0,88.0,1,1
instancia_pequena.json,60,0.7,0.05,6,8190.0,88.0,1,1
instancia_pequena.json,60,0.7,0.05,7,8190.0,89.0,1,1
instancia_pequena.json,60,0.7,0.05,8,8190.0,87.0,1,1
instancia_pequena.json,60,0.7,0.05,9,8190.0,88.0,1,1
instancia_pequena.json,60,0.7,0.05,10,8190.0,90.0,1,1
instancia_pequena.json,60,0.7,0.05,11,8190.0,89.0,1,1
instancia_pequena.json,60,0.7,0.05,12,8190.0,87.0,1,1
instancia_pequena.json,60,0.7,0.05,13,8190.0,94.0,1,1
instancia_pequena.json,60,0.7,0.05,14,8190.0,89.0,1,1
instancia_pequena.json,60,0.7,0.05,15,8190.0,90.0,1,1
instancia_pequena.json,60,0.7,0.05,16,8190.0,90.0,1,1
instancia_pequena.json,60,0.7,0.05,17,8190.0,90.0,1,1
instancia_pequena.json,60,0.7,0.05,18,8190.0,89.0,1,1
instancia_pequena.json,60,0.7,0.05,19,8190.0,89.0,1,1
instancia_pequena.json,60,0.7,0.05,20,8190.0,87.0,1,1
instancia_pequena.json,60,0.7,0.05,21,8190.0,88.0,1,1
instancia_pequena.json,60,0.7,0.05,22,8190.0,88.0,1,1
instancia_pequena.json,60,0.7,0.05,23,8190.0,90.0,1,1
instancia_pequena.json,60,0.7,0.05,24,8190.0,88.0,1,1
instancia_pequena.json,60,0.7,0.05,25,8190.0,89.0,1,1
instancia_pequena.json,60,0.7,0.05,26,8190.0,88.0,1,1
instancia_pequena.json,60,0.7,0.05,27,8190.0,89.0,1,1
instancia_pequena.json,60,0.7,0.05,28,8190.0,88.0,1,1
instancia_pequena.json,60,0.7,0.05,29,8190.0,88.0,1,1
instancia_pequena.json,60,0.7,0.1,0,8190.0,94.0,1,1
instancia_pequena.json,60,0.7,0.1,1,8190.0,88.0,1,1
instancia_pequena.json,60,0.7,0.1,2,8190.0,89.0,1,1
instancia_pequena.json,60,0.7,0.1,3,8190.0,89.0,1,1
instancia_pequena.json,60,0.7,0.1,4,8190.0,89.0,1,1
instancia_pequena.json,60,0.7,0.1,5,8190.0,88.0,1,1
instancia_pequena.json,60,0.7,0.1,6,8190.0,87.0,1,1
instancia_pequena.json,60,0.7,0.1,7,8190.0,87.0,1,1
instancia_pequena.json,60,0.7,0.1,8,8190.0,87.0,1,1
instancia_pequena.json,60,0.7,0.1,9,8190.0,88.0,1,1
instancia_pequena.json,60,0.7,0.1,10,8190.0,88.0,1,1
instancia_pequena.json,60,0.7,0.1,11,8190.0,88.0,1,1
instancia_pequena.json,60,0.7,0.1,12,8190.0,88.0,1,1
instancia_pequena.json,60,0.7,0.1,13,8190.0,90.0,1,1
instancia_pequena.json,60,0.7,0.1,14,8190.0,87.0,1,1
instancia_pequena.json,60,0.7,0.1,15,8190.0,88.0,1,1
instancia_pequena.json,60,0.7,0.1,16,8190.0,89.0,1,1
instancia_pequena.json,60,0.7,0.1,17,8190.0,88.0,1,1
instancia_pequena.json,60,0.7,0.1,18,8190.0,89.0,1,1
instancia_pequena.json,60,0.7,0.1,19,8190.0,89.0,1,1
instancia_pequena.json,60,0.7,0.1,20,8190.0,87.0,1,1
instancia_pequena.json,60,0.7,0.1,21,8190.0,90.0,1,1
instancia_pequena.json,60,0.7,0.1,22,8190.0,89.0,1,1
instancia_pequena.json,60,0.7,0.1,23,8190.0,87.0,1,1
instancia_pequena.json,60,0.7,0.1,24,8190.0,87.0,1,1
instancia_pequena.json,60,0.7,0.1,25,8190.0,87.0,1,1
instancia_pequena.json,60,0.7,0.1,26,8190.0,87.0,1,1
instancia_pequena.json,60,0.7,0.1,27,8190.0,87.0,1,1
instancia_pequena.json,60,0.7,0.1,28,8190.0,91.0,1,1
instancia_pequena.json,60,0.7,0.1,29,8190.0,89.0,1,1
instancia_pequena.json,60,0.7,0.2,0,8190.0,88.0,1,1
instancia_pequena.json,60,0.7,0.2,1,8190.0,89.0,1,1
instancia_pequena.json,60,0.7,0.2,2,8190.0,88.0,1,1
instancia_pequena.json,60,0.7,0.2,3,8190.0,87.0,1,1
instancia_pequena.json,60,0.7,0.2,4,8190.0,87.0,1,1
instancia_pequena.json,60,0.7,0.2,5,8190.0,88.0,1,1
instancia_pequena.json,60,0.7,0.2,6,8190.0,87.0,1,1
instancia_pequena.json,60,0.7,0.2,7,8190.0,87.0,1,1
instancia_pequena.json,60,0.7,0.2,8,8190.0,88.0,1,1
instancia_pequena.json,60,0.7,0.2,9,8190.0,88.0,1,1
instancia_pequena.json,60,0.7,0.2,10,8190.0,87.0,1,1
instancia_pequena.json,60,0.7,0.2,11,8190.0,89.0,1,1
instancia_pequena.json,60,0.7,0.2,12,8190.0,89.0,1,1
instancia_pequena.json,60,0.7,0.2,13,8190.0,89.0,1,1
instancia_pequena.json,60,0.7,0.2,14,8190.0,88.0,1,1
instancia_pequena.json,60,0.7,0.2,15,8190.0,106.0,1,1
instancia_pequena.json,60,0.7,0.2,16,8190.0,88.0,1,1
instancia_pequena.json,60,0.7,0.2,17,8190.0,88.0,1,1
instancia_pequena.json,60,0.7,0.2,18,8190.0,86.0,1,1
instancia_pequena.json,60,0.7,0.2,19,8190.0,88.0,1,1
instancia_pequena.json,60,0.7,0.2,20,8190.0,88.0,1,1
instancia_pequena.json,60,0.7,0.2,21,8190.0,89.0,1,1
instancia_pequena.json,60,0.7,0.2,22,8190.0,88.0,1,1
instancia_pequena.json,60,0.7,0.2,23,8190.0,88.0,1,1
instancia_pequena.json,60,0.7,0.2,24,8190.0,88.0,1,1
instancia_pequena.json,60,0.7,0.2,25,8190.0,88.0,1,1
instancia_pequena.json,60,0.7,0.2,26,8190.0,89.0,1,1
instancia_pequena.json,60,0.7,0.2,27,8190.0,88.0,1,1
instancia_pequena.json,60,0.7,0.2,28,8190.0,88.0,1,1
instancia_pequena.json,60,0.7,0.2,29,8190.0,88.0,1,1
instancia_pequena.json,60,0.9,0.05,0,8190.0,89.0,1,1
instancia_pequena.json,60,0.9,0.05,1,8190.0,88.0,1,1
instancia_pequena.json,60,0.9,0.05,2,8190.0,89.0,1,1
instancia_pequena.json,60,0.9,0.05,3,8190.0,89.0,1,1
instancia_pequena.json,60,0.9,0.05,4,8190.0,89.0,1,1
instancia_pequena.json,60,0.9,0.05,5,8190.0,88.0,1,1
instancia_pequena.json,60,0.9,0.05,6,8190.0,89.0,1,1
instancia_pequena.json,60,0.9,0.05,7,8190.0,89.0,1,1
instancia_pequena.json,60,0.9,0.05,8,8190.0,88.0,1,1
instancia_pequena.json,60,0.9,0.05,9,8190.0,89.0,1,1
instancia_pequena.json,60,0.9,0.05,10,8190.0,89.0,1,1
instancia_pequena.json,60,0.9,0.05,11,8190.0,89.0,1,1
instancia_pequena.json,60,0.9,0.05,12,8190.0,88.0,1,1
instancia_pequena.json,60,0.9,0.05,13,8190.0,89.0,1,1
instancia_pequena.json,60,0.9,0.05,14,8190.0,88.0,1,1
instancia_pequena.json,60,0.9,0.05,15,8190.0,89.0,1,1
instancia_pequena.json,60,0.9,0.05,16,8190.0,88.0,1,1
instancia_pequena.json,60,0.9,0.05,17,8190.0,88.0,1,1
instancia_pequena.json,60,0.9,0.05,18,8190.0,88.0,1,1
instancia_pequena.json,60,0.9,0.05,19,8190.0,89.0,1,1
instancia_pequena.json,60,0.9,0.05,20,8190.0,88.0,1,1
instancia_pequena.json,60,0.9,0.05,21,8190.0,89.0,1,1
instancia_pequena.json,60,0.9,0.05,22,8190.0,87.0,1,1
instancia_pequena.json,60,0.9,0.05,23,8190.0,89.0,1,1
instancia_pequena.json,60,0.9,0.05,24,8190.0,89.0,1,1
instancia_pequena.json,60,0.9,0.05,25,8190.0,88.0,1,1
instancia_pequena.json,60,0.9,0.05,26,8190.0,89.0,1,1
instancia_pequena.json,60,0.9,0.05,27,8190.0,88.0,1,1
instancia_pequena.json,60,0.9,0.05,28,8190.0,88.0,1,1
instancia_pequena.json,60,0.9,0.05,29,8190.0,88.0,1,1
instancia_pequena.json,60,0.9,0.1,0,8190.0,88.0,1,1
instancia_pequena.json,60,0.9,0.1,1,8190.0,88.0,1,1
instancia_pequena.json,60,0.9,0.1,2,8190.0,88.0,1,1
instancia_pequena.json,60,0.9,0.1,3,8190.0,87.0,1,1
instancia_pequena.json,60,0.9,0.1,4,8190.0,88.0,1,1
instancia_pequena.json,60,0.9,0.1,5,8190.0,88.0,1,1
instancia_pequena.json,60,0.9,0.1,6,8190.0,87.0,1,1
instancia_pequena.json,60,0.9,0.1,7,8190.0,88.0,1,1
instancia_pequena.json,60,0.9,0.1,8,8190.0,87.0,1,1
instancia_pequena.json,60,0.9,0.1,9,8190.0,87.0,1,1
instancia_pequena.json,60,0.9,0.1,10,8190.0,88.0,1,1
instancia_pequena.json,60,0.9,0.1,11,8190.0,89.0,1,1
instancia_pequena.json,60,0.9,0.1,12,8190.0,89.0,1,1
instancia_pequena.json,60,0.9,0.1,13,8190.0,88.0,1,1
instancia_pequena.json,60,0.9,0.1,14,8190.0,89.0,1,1
instancia_pequena.json,60,0.9,0.1,15,8190.0,89.0,1,1
instancia_pequena.json,60,0.9,0.1,16,8190.0,89.0,1,1
instancia_pequena.json,60,0.9,0.1,17,8190.0,89.0,1,1
instancia_pequena.json,60,0.9,0.1,18,8190.0,89.0,1,1
instancia_pequena.json,60,0.9,0.1,19,8190.0,89.0,1,1
instancia_pequena.json,60,0.9,0.1,20,8190.0,90.0,1,1
instancia_pequena.json,60,0.9,0.1,21,8190.0,88.0,1,1
instancia_pequena.json,60,0.9,0.1,22,8190.0,89.0,1,1
instancia_pequena.json,60,0.9,0.1,23,8190.0,88.0,1,1
instancia_pequena.json,60,0.9,0.1,24,8190.0,88.0,1,1
instancia_pequena.json,60,0.9,0.1,25,8190.0,88.0,1,1
instancia_pequena.json,60,0.9,0.1,26,8190.0,92.0,1,1
instancia_pequena.json,60,0.9,0.1,27,8190.0,94.0,1,1
instancia_pequena.json,60,0.9,0.1,28,8190.0,90.0,1,1
instancia_pequena.json,60,0.9,0.1,29,8190.0,89.0,1,1
instancia_pequena.json,60,0.9,0.2,0,8190.0,87.0,1,1
instancia_pequena.json,60,0.9,0.2,1,8190.0,89.0,1,1
instancia_pequena.json,60,0.9,0.2,2,8190.0,89.0,1,1
instancia_pequena.json,60,0.9,0.2,3,8190.0,90.0,1,1
instancia_pequena.json,60,0.9,0.2,4,8190.0,90.0,1,1
instancia_pequena.json,60,0.9,0.2,5,8190.0,90.0,1,1
instancia_pequena.json,60,0.9,0.2,6,8190.0,89.0,1,1
instancia_pequena.json,60,0.9,0.2,7,8190.0,90.0,1,1
instancia_pequena.json,60,0.9,0.2,8,8190.0,90.0,1,1
instancia_pequena.json,60,0.9,0.2,9,8190.0,89.0,1,1
instancia_pequena.json,60,0.9,0.2,10,8190.0,89.0,1,1
instancia_pequena.json,60,0.9,0.2,11,8190.0,88.0,1,1
instancia_pequena.json,60,0.9,0.2,12,8190.0,87.0,1,1
instancia_pequena.json,60,0.9,0.2,13,8190.0,90.0,1,1
instancia_pequena.json,60,0.9,0.2,14,8190.0,89.0,1,1
instancia_pequena.json,60,0.9,0.2,15,8190.0,89.0,1,1
instancia_pequena.json,60,0.9,0.2,16,8190.0,89.0,1,1
instancia_pequena.json,60,0.9,0.2,17,8190.0,89.0,1,1
instancia_pequena.json,60,0.9,0.2,18,8190.0,90.0,1,1
instancia_pequena.json,60,0.9,0.2,19,8190.0,90.0,1,1
instancia_pequena.json,60,0.9,0.2,20,8190.0,90.0,1,1
instancia_pequena.json,60,0.9,0.2,21,8190.0,89.0,1,1
instancia_pequena.json,60,0.9,0.2,22,8190.0,89.0,1,1
instancia_pequena.json,60,0.9,0.2,23,8190.0,89.0,1,1
instancia_pequena.json,60,0.9,0.2,24,8190.0,87.0,1,1
instancia_pequena.json,60,0.9,0.2,25,8190.0,89.0,1,1
instancia_pequena.json,60,0.9,0.2,26,8190.0,89.0,1,1
instancia_pequena.json,60,0.9,0.2,27,8190.0,89.0,1,1
instancia_pequena.json,60,0.9,0.2,28,8190.0,89.0,1,1
instancia_pequena.json,60,0.9,0.2,29,8190.0,88.0,1,1
instancia_pequena.json,60,1.0,0.05,0,8190.0,90.0,1,1
instancia_pequena.json,60,1.0,0.05,1,8190.0,90.0,1,1
instancia_pequena.json,60,1.0,0.05,2,8190.0,89.0,1,1
instancia_pequena.json,60,1.0,0.05,3,8190.0,89.0,1,1
instancia_pequena.json,60,1.0,0.05,4,8190.0,90.0,1,1
instancia_pequena.json,60,1.0,0.05,5,8190.0,89.0,1,1
instancia_pequena.json,60,1.0,0.05,6,8190.0,90.0,1,1
instancia_pequena.json,60,1.0,0.05,7,8190.0,89.0,1,1
instancia_pequena.json,60,1.0,0.05,8,8190.0,90.0,1,1
instancia_pequena.json,60,1.0,0.05,9,8190.0,90.0,1,1
instancia_pequena.json,60,1.0,0.05,10,8190.0,89.0,1,1
instancia_pequena.json,60,1.0,0.05,11,8190.0,90.0,1,1
instancia_pequena.json,60,1.0,0.05,12,8190.0,89.0,1,1
instancia_pequena.json,60,1.0,0.05,13,8190.0,89.0,1,1
instancia_pequena.json,60,1.0,0.05,14,8190.0,89.0,1,1
instancia_pequena.json,60,1.0,0.05,15,8190.0,89.0,1,1
instancia_pequena.json,60,1.0,0.05,16,8190.0,89.0,1,1
instancia_pequena.json,60,1.0,0.05,17,8190.0,90.0,1,1
instancia_pequena.json,60,1.0,0.05,18,8190.0,89.0,1,1
instancia_pequena.json,60,1.0,0.05,19,8190.0,89.0,1,1
instancia_pequena.json,60,1.0,0.05,20,8190.0,89.0,1,1
instancia_pequena.json,60,1.0,0.05,21,8190.0,89.0,1,1
instancia_pequena.json,60,1.0,0.05,22,8190.0,89.0,1,1
instancia_pequena.json,60,1.0,0.05,23,8190.0,89.0,1,1
instancia_pequena.json,60,1.0,0.05,24,8190.0,90.0,1,1
instancia_pequena.json,60,1.0,0.05,25,8190.0,88.0,1,1
instancia_pequena.json,60,1.0,0.05,26,8190.0,88.0,1,1
instancia_pequena.json,60,1.0,0.05,27,8190.0,89.0,1,1
instancia_pequena.json,60,1.0,0.05,28,8190.0,89.0,1,1
instancia_pequena.json,60,1.0,0.05,29,8190.0,90.0,1,1
instancia_pequena.json,60,1.0,0.1,0,8190.0,89.0,1,1
instancia_pequena.json,60,1.0,0.1,1,8190.0,89.0,1,1
instancia_pequena.json,60,1.0,0.1,2,8190.0,89.0,1,1
instancia_pequena.json,60,1.0,0.1,3,8190.0,88.0,1,1
instancia_pequena.json,60,1.0,0.1,4,8190.0,89.0,1,1
instancia_pequena.json,60,1.0,0.1,5,8190.0,89.0,1,1
instancia_pequena.json,60,1.0,0.1,6,8190.0,88.0,1,1
instancia_pequena.json,60,1.0,0.1,7,8190.0,89.0,1,1
instancia_pequena.json,60,1.0,0.1,8,8190.0,89.0,1,1
instancia_pequena.json,60,1.0,0.1,9,8190.0,89.0,1,1
instancia_pequena.json,60,1.0,0.1,10,8190.0,88.0,1,1
instancia_pequena.json,60,1.0,0.1,11,8190.0,89.0,1,1
instancia_pequena.json,60,1.0,0.1,12,8190.0,89.0,1,1
instancia_pequena.json,60,1.0,0.1,13,8190.0,89.0,1,1
instancia_pequena.json,60,1.0,0.1,14,8190.0,89.0,1,1
instancia_pequena.json,60,1.0,0.1,15,8190.0,97.0,1,1
instancia_pequena.json,60,1.0,0.1,16,8190.0,89.0,1,1
instancia_pequena.json,60,1.0,0.1,17,8190.0,88.0,1,1
instancia_pequena.json,60,1.0,0.1,18,8190.0,89.0,1,1
instancia_pequena.json,60,1.0,0.1,19,8190.0,89.0,1,1
instancia_pequena.json,60,1.0,0.1,20,8190.0,89.0,1,1
instancia_pequena.json,60,1.0,0.1,21,8190.0,89.0,1,1
instancia_pequena.json,60,1.0,0.1,22,8190.0,88.0,1,1
instancia_pequena.json,60,1.0,0.1,23,8190.0,88.0,1,1
instancia_pequena.json,60,1.0,0.1,24,8190.0,88.0,1,1
instancia_pequena.json,60,1.0,0.1,25,8190.0,89.0,1,1
instancia_pequena.json,60,1.0,0.1,26,8190.0,89.0,1,1
instancia_pequena.json,60,1.0,0.1,27,8190.0,90.0,1,1
instancia_pequena.json,60,1.0,0.1,28,8190.0,89.0,1,1
instancia_pequena.json,60,1.0,0.1,29,8190.0,89.0,1,1
instancia_pequena.json,60,1.0,0.2,0,8190.0,89.0,1,1
instancia_pequena.json,60,1.0,0.2,1,8190.0,89.0,1,1
instancia_pequena.json,60,1.0,0.2,2,8190.0,89.0,1,1
instancia_pequena.json,60,1.0,0.2,3,8190.0,89.0,1,1
instancia_pequena.json,60,1.0,0.2,4,8190.0,90.0,1,1
instancia_pequena.json,60,1.0,0.2,5,8190.0,89.0,1,1
instancia_pequena.json,60,1.0,0.2,6,8190.0,88.0,1,1
instancia_pequena.json,60,1.0,0.2,7,8190.0,89.0,1,1
instancia_pequena.json,60,1.0,0.2,8,8190.0,89.0,1,1
instancia_pequena.json,60,1.0,0.2,9,8190.0,89.0,1,1
instancia_pequena.json,60,1.0,0.2,10,8190.0,88.0,1,1
instancia_pequena.json,60,1.0,0.2,11,8190.0,88.0,1,1
instancia_pequena.json,60,1.0,0.2,12,8190.0,88.0,1,1
instancia_pequena.json,60,1.0,0.2,13,8190.0,88.0,1,1
instancia_pequena.json,60,1.0,0.2,14,8190.0,88.0,1,1
instancia_pequena.json,60,1.0,0.2,15,8190.0,90.0,1,1
instancia_pequena.json,60,1.0,0.2,16,8190.0,89.0,1,1
instancia_pequena.json,60,1.0,0.2,17,8190.0,89.0,1,1
instancia_pequena.json,60,1.0,0.2,18,8190.0,89.0,1,1
instancia_pequena.json,60,1.0,0.2,19,8190.0,89.0,1,1
instancia_pequena.json,60,1.0,0.2,20,8190.0,89.0,1,1
instancia_pequena.json,60,1.0,0.2,21,8190.0,89.0,1,1
instancia_pequena.json,60,1.0,0.2,22,8190.0,88.0,1,1
instancia_pequena.json,60,1.0,0.2,23,8190.0,89.0,1,1
instancia_pequena.json,60,1.0,0.2,24,8190.0,89.0,1,1
instancia_pequena.json,60,1.0,0.2,25,8190.0,88.0,1,1
instancia_pequena.json,60,1.0,0.2,26,8190.0,89.0,1,1
instancia_pequena.json,60,1.0,0.2,27,8190.0,89.0,1,1
instancia_pequena.json,60,1.0,0.2,28,8190.0,89.0,1,1
instancia_pequena.json,60,1.0,0.2,29,8190.0,89.0,1,1
instancia_pequena.json,120,0.7,0.05,0,8190.0,145.0,1,1
instancia_pequena.json,120,0.7,0.05,1,8190.0,143.0,1,1
instancia_pequena.json,120,0.7,0.05,2,8190.0,144.0,1,1
instancia_pequena.json,120,0.7,0.05,3,8190.0,143.0,1,1
instancia_pequena.json,120,0.7,0.05,4,8190.0,143.0,1,1
instancia_pequena.json,120,0.7,0.05,5,8190.0,145.0,1,1
instancia_pequena.json,120,0.7,0.05,6,8190.0,144.0,1,1
instancia_pequena.json,120,0.7,0.05,7,8190.0,144.0,1,1
instancia_pequena.json,120,0.7,0.05,8,8190.0,143.0,1,1
instancia_pequena.json,120,0.7,0.05,9,8190.0,144.0,1,1
instancia_pequena.json,120,0.7,0.05,10,8190.0,145.0,1,1
instancia_pequena.json,120,0.7,0.05,11,8190.0,144.0,1,1
instancia_pequena.json,120,0.7,0.05,12,8190.0,144.0,1,1
instancia_pequena.json,120,0.7,0.05,13,8190.0,143.0,1,1
instancia_pequena.json,120,0.7,0.05,14,8190.0,144.0,1,1
instancia_pequena.json,120,0.7,0.05,15,8190.0,144.0,1,1
instancia_pequena.json,120,0.7,0.05,16,8190.0,148.0,1,1
instancia_pequena.json,120,0.7,0.05,17,8190.0,145.0,1,1
instancia_pequena.json,120,0.7,0.05,18,8190.0,143.0,1,1
instancia_pequena.json,120,0.7,0.05,19,8190.0,144.0,1,1
instancia_pequena.json,120,0.7,0.05,20,8190.0,146.0,1,1
instancia_pequena.json,120,0.7,0.05,21,8190.0,145.0,1,1
instancia_pequena.json,120,0.7,0.05,22,8190.0,144.0,1,1
instancia_pequena.json,120,0.7,0.05,23,8190.0,143.0,1,1
instancia_pequena.json,120,0.7,0.05,24,8190.0,142.0,1,1
instancia_pequena.json,120,0.7,0.05,25,8190.0,142.0,1,1
instancia_pequena.json,120,0.7,0.05,26,8190.0,143.0,1,1
instancia_pequena.json,120,0.7,0.05,27,8190.0,145.0,1,1
instancia_pequena.json,120,0.7,0.05,28,8190.0,144.0,1,1
instancia_pequena.json,120,0.7,0.05,29,8190.0,144.0,1,1
instancia_pequena.json,120,0.7,0.1,0,8190.0,144.0,1,1
instancia_pequena.json,120,0.7,0.1,1,8190.0,143.0,1,1
instancia_pequena.json,120,0.7,0.1,2,8190.0,143.0,1,1
instancia_pequena.json,120,0.7,0.1,3,8190.0,144.0,1,1
instancia_pequena.json,120,0.7,0.1,4,8190.0,143.0,1,1
instancia_pequena.json,120,0.7,0.1,5,8190.0,144.0,1,1
instancia_pequena.json,120,0.7,0.1,6,8190.0,143.0,1,1
instancia_pequena.json,120,0.7,0.1,7,8190.0,145.0,1,1
instancia_pequena.json,120,0.7,0.1,8,8190.0,143.0,1,1
instancia_pequena.json,120,0.7,0.1,9,8190.0,144.0,1,1
instancia_pequena.json,120,0.7,0.1,10,8190.0,144.0,1,1
instancia_pequena.json,120,0.7,0.1,11,8190.0,145.0,1,1
instancia_pequena.json,120,0.7,0.1,12,8190.0,146.0,1,1
instancia_pequena.json,120,0.7,0.1,13,8190.0,145.0,1,1
instancia_pequena.json,120,0.7,0.1,14,8190.0,145.0,1,1
instancia_pequena.json,120,0.7,0.1,15,8190.0,144.0,1,1
instancia_pequena.json,120,0.7,0.1,16,8190.0,144.0,1,1
instancia_pequena.json,120,0.7,0.1,17,8190.0,145.0,1,1
instancia_pequena.json,120,0.7,0.1,18,8190.0,145.0,1,1
instancia_pequena.json,120,0.7,0.1,19,8190.0,144.0,1,1
instancia_pequena.json,120,0.7,0.1,20,8190.0,144.0,1,1
instancia_pequena.json,120,0.7,0.1,21,8190.0,146.0,1,1
instancia_pequena.json,120,0.7,0.1,22,8190.0,144.0,1,1
instancia_pequena.json,120,0.7,0.1,23,8190.0,143.0,1,1
instancia_pequena.json,120,0.7,0.1,24,8190.0,145.0,1,1
instancia_pequena.json,120,0.7,0.1,25,8190.0,144.0,1,1
instancia_pequena.json,120,0.7,0.1,26,8190.0,144.0,1,1
instancia_pequena.json,120,0.7,0.1,27,8190.0,145.0,1,1
instancia_pequena.json,120,0.7,0.1,28,8190.0,145.0,1,1
instancia_pequena.json,120,0.7,0.1,29,8190.0,145.0,1,1
instancia_pequena.json,120,0.7,0.2,0,8190.0,144.0,1,1
instancia_pequena.json,120,0.7,0.2,1,8190.0,143.0,1,1
instancia_pequena.json,120,0.7,0.2,2,8190.0,142.0,1,1
instancia_pequena.json,120,0.7,0.2,3,8190.0,144.0,1,1
instancia_pequena.json,120,0.7,0.2,4,8190.0,142.0,1,1
instancia_pequena.json,120,0.7,0.2,5,8190.0,144.0,1,1
instancia_pequena.json,120,0.7,0.2,6,8190.0,144.0,1,1
instancia_pequena.json,120,0.7,0.2,7,8190.0,145.0,1,1
instancia_pequena.json,120,0.7,0.2,8,8190.0,145.0,1,1
instancia_pequena.json,120,0.7,0.2,9,8190.0,147.0,1,1
instancia_pequena.json,120,0.7,0.2,10,8190.0,146.0,1,1
instancia_pequena.json,120,0.7,0.2,11,8190.0,145.0,1,1
instancia_pequena.json,120,0.7,0.2,12,8190.0,145.0,1,1
instancia_pequena.json,120,0.7,0.2,13,8190.0,144.0,1,1
instancia_pequena.json,120,0.7,0.2,14,8190.0,143.0,1,1
instancia_pequena.json,120,0.7,0.2,15,8190.0,145.0,1,1
instancia_pequena.json,120,0.7,0.2,16,8190.0,144.0,1,1
instancia_pequena.json,120,0.7,0.2,17,8190.0,143.0,1,1
instancia_pequena.json,120,0.7,0.2,18,8190.0,142.0,1,1
instancia_pequena.json,120,0.7,0.2,19,8190.0,144.0,1,1
instancia_pequena.json,120,0.7,0.2,20,8190.0,143.0,1,1
instancia_pequena.json,120,0.7,0.2,21,8190.0,143.0,1,1
instancia_pequena.json,120,0.7,0.2,22,8190.0,143.0,1,1
instancia_pequena.json,120,0.7,0.2,23,8190.0,144.0,1,1
instancia_pequena.json,120,0.7,0.2,24,8190.0,144.0,1,1
instancia_pequena.json,120,0.7,0.2,25,8190.0,143.0,1,1
instancia_pequena.json,120,0.7,0.2,26,8190.0,144.0,1,1
instancia_pequena.json,120,0.7,0.2,27,8190.0,143.0,1,1
instancia_pequena.json,120,0.7,0.2,28,8190.0,145.0,1,1
instancia_pequena.json,120,0.7,0.2,29,8190.0,146.0,1,1
instancia_pequena.json,120,0.9,0.05,0,8190.0,146.0,1,1
instancia_pequena.json,120,0.9,0.05,1,8190.0,144.0,1,1
instancia_pequena.json,120,0.9,0.05,2,8190.0,144.0,1,1
instancia_pequena.json,120,0.9,0.05,3,8190.0,145.0,1,1
instancia_pequena.json,120,0.9,0.05,4,8190.0,144.0,1,1
instancia_pequena.json,120,0.9,0.05,5,8190.0,144.0,1,1
instancia_pequena.json,120,0.9,0.05,6,8190.0,145.0,1,1
instancia_pequena.json,120,0.9,0.05,7,8190.0,146.0,1,1
instancia_pequena.json,120,0.9,0.05,8,8190.0,145.0,1,1
instancia_pequena.json,120,0.9,0.05,9,8190.0,145.0,1,1
instancia_pequena.json,120,0.9,0.05,10,8190.0,146.0,1,1
instancia_pequena.json,120,0.9,0.05,11,8190.0,144.0,1,1
instancia_pequena.json,120,0.9,0.05,12,8190.0,144.0,1,1
instancia_pequena.json,120,0.9,0.05,13,8190.0,145.0,1,1
instancia_pequena.json,120,0.9,0.05,14,8190.0,145.0,1,1
instancia_pequena.json,120,0.9,0.05,15,8190.0,144.0,1,1
instancia_pequena.json,120,0.9,0.05,16,8190.0,144.0,1,1
instancia_pequena.json,120,0.9,0.05,17,8190.0,145.0,1,1
instancia_pequena.json,120,0.9,0.05,18,8190.0,144.0,1,1
instancia_pequena.json,120,0.9,0.05,19,8190.0,144.0,1,1
instancia_pequena.json,120,0.9,0.05,20,8190.0,147.0,1,1
instancia_pequena.json,120,0.9,0.05,21,8190.0,151.0,1,1
instancia_pequena.json,120,0.9,0.05,22,8190.0,143.0,1,1
instancia_pequena.json,120,0.9,0.05,23,8190.0,145.0,1,1
instancia_pequena.json,120,0.9,0.05,24,8190.0,145.0,1,1
instancia_pequena.json,120,0.9,0.05,25,8190.0,142.0,1,1
instancia_pequena.json,120,0.9,0.05,26,8190.0,145.0,1,1
instancia_pequena.json,120,0.9,0.05,27,8190.0,145.0,1,1
instancia_pequena.json,120,0.9,0.05,28,8190.0,148.0,1,1
instancia_pequena.json,120,0.9,0.05,29,8190.0,145.0,1,1
instancia_pequena.json,120,0.9,0.1,0,8190.0,145.0,1,1
instancia_pequena.json,120,0.9,0.1,1,8190.0,144.0,1,1
instancia_pequena.json,120,0.9,0.1,2,8190.0,145.0,1,1
instancia_pequena.json,120,0.9,0.1,3,8190.0,145.0,1,1
instancia_pequena.json,120,0.9,0.1,4,8190.0,144.0,1,1
instancia_pequena.json,120,0.9,0.1,5,8190.0,145.0,1,1
instancia_pequena.json,120,0.9,0.1,6,8190.0,143.0,1,1
instancia_pequena.json,120,0.9,0.1,7,8190.0,144.0,1,1
instancia_pequena.json,120,0.9,0.1,8,8190.0,146.0,1,1
instancia_pequena.json,120,0.9,0.1,9,8190.0,145.0,1,1
instancia_pequena.json,120,0.9,0.1,10,8190.0,168.0,1,1
instancia_pequena.json,120,0.9,0.1,11,8190.0,160.0,1,1
instancia_pequena.json,120,0.9,0.1,12,8190.0,144.0,1,1
instancia_pequena.json,120,0.9,0.1,13,8190.0,145.0,1,1
instancia_pequena.json,120,0.9,0.1,14,8190.0,144.0,1,1
instancia_pequena.json,120,0.9,0.1,15,8190.0,144.0,1,1
instancia_pequena.json,120,0.9,0.1,16,8190.0,144.0,1,1
instancia_pequena.json,120,0.9,0.1,17,8190.0,144.0,1,1
instancia_pequena.json,120,0.9,0.1,18,8190.0,144.0,1,1
instancia_pequena.json,120,0.9,0.1,19,8190.0,144.0,1,1
instancia_pequena.json,120,0.9,0.1,20,8190.0,145.0,1,1
instancia_pequena.json,120,0.9,0.1,21,8190.0,144.0,1,1
instancia_pequena.json,120,0.9,0.1,22,8190.0,145.0,1,1
instancia_pequena.json,120,0.9,0.1,23,8190.0,146.0,1,1
instancia_pequena.json,120,0.9,0.1,24,8190.0,147.0,1,1
instancia_pequena.json,120,0.9,0.1,25,8190.0,145.0,1,1
instancia_pequena.json,120,0.9,0.1,26,8190.0,143.0,1,1
instancia_pequena.json,120,0.9,0.1,27,8190.0,144.0,1,1
instancia_pequena.json,120,0.9,0.1,28,8190.0,145.0,1,1
instancia_pequena.json,120,0.9,0.1,29,8190.0,145.0,1,1
instancia_pequena.json,120,0.9,0.2,0,8190.0,145.0,1,1
instancia_pequena.json,120,0.9,0.2,1,8190.0,145.0,1,1
instancia_pequena.json,120,0.9,0.2,2,8190.0,145.0,1,1
instancia_pequena.json,120,0.9,0.2,3,8190.0,144.0,1,1
instancia_pequena.json,120,0.9,0.2,4,8190.0,145.0,1,1
instancia_pequena.json,120,0.9,0.2,5,8190.0,143.0,1,1
instancia_pequena.json,120,0.9,0.2,6,8190.0,143.0,1,1
instancia_pequena.json,120,0.9,0.2,7,8190.0,145.0,1,1
instancia_pequena.json,120,0.9,0.2,8,8190.0,144.0,1,1
instancia_pequena.json,120,0.9,0.2,9,8190.0,145.0,1,1
instancia_pequena.json,120,0.9,0.2,10,8190.0,143.0,1,1
instancia_pequena.json,120,0.9,0.2,11,8190.0,145.0,1,1
instancia_pequena.json,120,0.9,0.2,12,8190.0,145.0,1,1
instancia_pequena.json,120,0.9,0.2,13,8190.0,145.0,1,1
instancia_pequena.json,120,0.9,0.2,14,8190.0,144.0,1,1
instancia_pequena.json,120,0.9,0.2,15,8190.0,150.0,1,1
instancia_pequena.json,120,0.9,0.2,16,8190.0,144.0,1,1
instancia_pequena.json,120,0.9,0.2,17,8190.0,144.0,1,1
instancia_pequena.json,120,0.9,0.2,18,8190.0,144.0,1,1
instancia_pequena.json,120,0.9,0.2,19,8190.0,145.0,1,1
instancia_pequena.json,120,0.9,0.2,20,8190.0,145.0,1,1
instancia_pequena.json,120,0.9,0.2,21,8190.0,144.0,1,1
instancia_pequena.json,120,0.9,0.2,22,8190.0,144.0,1,1
instancia_pequena.json,120,0.9,0.2,23,8190.0,145.0,1,1
instancia_pequena.json,120,0.9,0.2,24,8190.0,145.0,1,1
instancia_pequena.json,120,0.9,0.2,25,8190.0,146.0,1,1
instancia_pequena.json,120,0.9,0.2,26,8190.0,145.0,1,1
instancia_pequena.json,120,0.9,0.2,27,8190.0,144.0,1,1
instancia_pequena.json,120,0.9,0.2,28,8190.0,144.0,1,1
instancia_pequena.json,120,0.9,0.2,29,8190.0,143.0,1,1
instancia_pequena.json,120,1.0,0.05,0,8190.0,145.0,1,1
instancia_pequena.json,120,1.0,0.05,1,8190.0,145.0,1,1
instancia_pequena.json,120,1.0,0.05,2,8190.0,144.0,1,1
instancia_pequena.json,120,1.0,0.05,3,8190.0,145.0,1,1
instancia_pequena.json,120,1.0,0.05,4,8190.0,144.0,1,1
instancia_pequena.json,120,1.0,0.05,5,8190.0,144.0,1,1
instancia_pequena.json,120,1.0,0.05,6,8190.0,145.0,1,1
instancia_pequena.json,120,1.0,0.05,7,8190.0,144.0,1,1
instancia_pequena.json,120,1.0,0.05,8,8190.0,145.0,1,1
instancia_pequena.json,120,1.0,0.05,9,8190.0,146.0,1,1
instancia_pequena.json,120,1.0,0.05,10,8190.0,145.0,1,1
instancia_pequena.json,120,1.0,0.05,11,8190.0,145.0,1,1
instancia_pequena.json,120,1.0,0.05,12,8190.0,144.0,1,1
instancia_pequena.json,120,1.0,0.05,13,8190.0,156.0,1,1
instancia_pequena.json,120,1.0,0.05,14,8190.0,146.0,1,1
instancia_pequena.json,120,1.0,0.05,15,8190.0,144.0,1,1
instancia_pequena.json,120,1.0,0.05,16,8190.0,146.0,1,1
instancia_pequena.json,120,1.0,0.05,17,8190.0,146.0,1,1
instancia_pequena.json,120,1.0,0.05,18,8190.0,145.0,1,1
instancia_pequena.json,120,1.0,0.05,19,8190.0,144.0,1,1
instancia_pequena.json,120,1.0,0.05,20,8190.0,146.0,1,1
instancia_pequena.json,120,1.0,0.05,21,8190.0,147.0,1,1
instancia_pequena.json,120,1.0,0.05,22,8190.0,145.0,1,1
instancia_pequena.json,120,1.0,0.05,23,8190.0,145.0,1,1
instancia_pequena.json,120,1.0,0.05,24,8190.0,144.0,1,1
instancia_pequena.json,120,1.0,0.05,25,8190.0,145.0,1,1
instancia_pequena.json,120,1.0,0.05,26,8190.0,146.0,1,1
instancia_pequena.json,120,1.0,0.05,27,8190.0,145.0,1,1
instancia_pequena.json,120,1.0,0.05,28,8190.0,144.0,1,1
instancia_pequena.json,120,1.0,0.05,29,8190.0,144.0,1,1
instancia_pequena.json,120,1.0,0.1,0,8190.0,144.0,1,1
instancia_pequena.json,120,1.0,0.1,1,8190.0,144.0,1,1
instancia_pequena.json,120,1.0,0.1,2,8190.0,146.0,1,1
instancia_pequena.json,120,1.0,0.1,3,8190.0,168.0,1,1
instancia_pequena.json,120,1.0,0.1,4,8190.0,144.0,1,1
instancia_pequena.json,120,1.0,0.1,5,8190.0,143.0,1,1
instancia_pequena.json,120,1.0,0.1,6,8190.0,144.0,1,1
instancia_pequena.json,120,1.0,0.1,7,8190.0,146.0,1,1
instancia_pequena.json,120,1.0,0.1,8,8190.0,144.0,1,1
instancia_pequena.json,120,1.0,0.1,9,8190.0,145.0,1,1
instancia_pequena.json,120,1.0,0.1,10,8190.0,146.0,1,1
instancia_pequena.json,120,1.0,0.1,11,8190.0,144.0,1,1
instancia_pequena.json,120,1.0,0.1,12,8190.0,145.0,1,1
instancia_pequena.json,120,1.0,0.1,13,8190.0,148.0,1,1
instancia_pequena.json,120,1.0,0.1,14,8190.0,145.0,1,1
instancia_pequena.json,120,1.0,0.1,15,8190.0,146.0,1,1
instancia_pequena.json,120,1.0,0.1,16,8190.0,145.0,1,1
instancia_pequena.json,120,1.0,0.1,17,8190.0,146.0,1,1
instancia_pequena.json,120,1.0,0.1,18,8190.0,147.0,1,1
instancia_pequena.json,120,1.0,0.1,19,8190.0,146.0,1,1
instancia_pequena.json,120,1.0,0.1,20,8190.0,146.0,1,1
instancia_pequena.json,120,1.0,0.1,21,8190.0,146.0,1,1
instancia_pequena.json,120,1.0,0.1,22,8190.0,144.0,1,1
instancia_pequena.json,120,1.0,0.1,23,8190.0,157.0,1,1
instancia_pequena.json,120,1.0,0.1,24,8190.0,146.0,1,1
instancia_pequena.json,120,1.0,0.1,25,8190.0,146.0,1,1
instancia_pequena.json,120,1.0,0.1,26,8190.0,146.0,1,1
instancia_pequena.json,120,1.0,0.1,27,8190.0,147.0,1,1
instancia_pequena.json,120,1.0,0.1,28,8190.0,147.0,1,1
instancia_pequena.json,120,1.0,0.1,29,8190.0,144.0,1,1
instancia_pequena.json,120,1.0,0.2,0,8190.0,145.0,1,1
instancia_pequena.json,120,1.0,0.2,1,8190.0,146.0,1,1
instancia_pequena.json,120,1.0,0.2,2,8190.0,146.0,1,1
instancia_pequena.json,120,1.0,0.2,3,8190.0,144.0,1,1
instancia_pequena.json,120,1.0,0.2,4,8190.0,144.0,1,1
instancia_pequena.json,120,1.0,0.2,5,8190.0,146.0,1,1
instancia_pequena.json,120,1.0,0.2,6,8190.0,146.0,1,1
instancia_pequena.json,120,1.0,0.2,7,8190.0,147.0,1,1
instancia_pequena.json,120,1.0,0.2,8,8190.0,148.0,1,1
instancia_pequena.json,120,1.0,0.2,9,8190.0,149.0,1,1
instancia_pequena.json,120,1.0,0.2,10,8190.0,148.0,1,1
instancia_pequena.json,120,1.0,0.2,11,8190.0,148.0,1,1
instancia_pequena.json,120,1.0,0.2,12,8190.0,146.0,1,1
instancia_pequena.json,120,1.0,0.2,13,8190.0,145.0,1,1
instancia_pequena.json,120,1.0,0.2,14,8190.0,145.0,1,1
instancia_pequena.json,120,1.0,0.2,15,8190.0,146.0,1,1
instancia_pequena.json,120,1.0,0.2,16,8190.0,147.0,1,1
instancia_pequena.json,120,1.0,0.2,17,8190.0,145.0,1,1
instancia_pequena.json,120,1.0,0.2,18,8190.0,149.0,1,1
instancia_pequena.json,120,1.0,0.2,19,8190.0,153.0,1,1
instancia_pequena.json,120,1.0,0.2,20,8190.0,169.0,1,1
instancia_pequena.json,120,1.0,0.2,21,8190.0,146.0,1,1
instancia_pequena.json,120,1.0,0.2,22,8190.0,146.0,1,1
instancia_pequena.json,120,1.0,0.2,23,8190.0,144.0,1,1
instancia_pequena.json,120,1.0,0.2,24,8190.0,145.0,1,1
instancia_pequena.json,120,1.0,0.2,25,8190.0,145.0,1,1
instancia_pequena.json,120,1.0,0.2,26,8190.0,145.0,1,1
instancia_pequena.json,120,1.0,0.2,27,8190.0,145.0,1,1
instancia_pequena.json,120,1.0,0.2,28,8190.0,164.0,1,1
instancia_pequena.json,120,1.0,0.2,29,8190.0,168.0,1,1
instancia_pequena.json,200,0.7,0.05,0,8190.0,284.0,1,1
instancia_pequena.json,200,0.7,0.05,1,8190.0,241.0,1,1
instancia_pequena.json,200,0.7,0.05,2,8190.0,240.0,1,1
instancia_pequena.json,200,0.7,0.05,3,8190.0,238.0,1,1
instancia_pequena.json,200,0.7,0.05,4,8190.0,239.0,1,1
instancia_pequena.json,200,0.7,0.05,5,8190.0,239.0,1,1
instancia_pequena.json,200,0.7,0.05,6,8190.0,244.0,1,1
instancia_pequena.json,200,0.7,0.05,7,8190.0,241.0,1,1
instancia_pequena.json,200,0.7,0.05,8,8190.0,239.0,1,1
instancia_pequena.json,200,0.7,0.05,9,8190.0,239.0,1,1
instancia_pequena.json,200,0.7,0.05,10,8190.0,240.0,1,1
instancia_pequena.json,200,0.7,0.05,11,8190.0,242.0,1,1
instancia_pequena.json,200,0.7,0.05,12,8190.0,239.0,1,1
instancia_pequena.json,200,0.7,0.05,13,8190.0,240.0,1,1
instancia_pequena.json,200,0.7,0.05,14,8190.0,241.0,1,1
instancia_pequena.json,200,0.7,0.05,15,8190.0,243.0,1,1
instancia_pequena.json,200,0.7,0.05,16,8190.0,238.0,1,1
instancia_pequena.json,200,0.7,0.05,17,8190.0,238.0,1,1
instancia_pequena.json,200,0.7,0.05,18,8190.0,248.0,1,1
instancia_pequena.json,200,0.7,0.05,19,8190.0,246.0,1,1
instancia_pequena.json,200,0.7,0.05,20,8190.0,239.0,1,1
instancia_pequena.json,200,0.7,0.05,21,8190.0,239.0,1,1
instancia_pequena.json,200,0.7,0.05,22,8190.0,240.0,1,1
instancia_pequena.json,200,0.7,0.05,23,8190.0,240.0,1,1
instancia_pequena.json,200,0.7,0.05,24,8190.0,241.0,1,1
instancia_pequena.json,200,0.7,0.05,25,8190.0,239.0,1,1
instancia_pequena.json,200,0.7,0.05,26,8190.0,240.0,1,1
instancia_pequena.json,200,0.7,0.05,27,8190.0,242.0,1,1
instancia_pequena.json,200,0.7,0.05,28,8190.0,242.0,1,1
instancia_pequena.json,200,0.7,0.05,29,8190.0,245.0,1,1
instancia_pequena.json,200,0.7,0.1,0,8190.0,240.0,1,1
instancia_pequena.json,200,0.7,0.1,1,8190.0,240.0,1,1
instancia_pequena.json,200,0.7,0.1,2,8190.0,240.0,1,1
instancia_pequena.json,200,0.7,0.1,3,8190.0,242.0,1,1
instancia_pequena.json,200,0.7,0.1,4,8190.0,242.0,1,1
instancia_pequena.json,200,0.7,0.1,5,8190.0,239.0,1,1
instancia_pequena.json,200,0.7,0.1,6,8190.0,241.0,1,1
instancia_pequena.json,200,0.7,0.1,7,8190.0,243.0,1,1
instancia_pequena.json,200,0.7,0.1,8,8190.0,240.0,1,1
instancia_pequena.json,200,0.7,0.1,9,8190.0,243.0,1,1
instancia_pequena.json,200,0.7,0.1,10,8190.0,238.0,1,1
instancia_pequena.json,200,0.7,0.1,11,8190.0,247.0,1,1
instancia_pequena.json,200,0.7,0.1,12,8190.0,238.0,1,1
instancia_pequena.json,200,0.7,0.1,13,8190.0,241.0,1,1
instancia_pequena.json,200,0.7,0.1,14,8190.0,240.0,1,1
instancia_pequena.json,200,0.7,0.1,15,8190.0,240.0,1,1
instancia_pequena.json,200,0.7,0.1,16,8190.0,240.0,1,1
instancia_pequena.json,200,0.7,0.1,17,8190.0,239.0,1,1
instancia_pequena.json,200,0.7,0.1,18,8190.0,242.0,1,1
instancia_pequena.json,200,0.7,0.1,19,8190.0,240.0,1,1
instancia_pequena.json,200,0.7,0.1,20,8190.0,239.0,1,1
instancia_pequena.json,200,0.7,0.1,21,8190.0,243.0,1,1
instancia_pequena.json,200,0.7,0.1,22,8190.0,238.0,1,1
instancia_pequena.json,200,0.7,0.1,23,8190.0,240.0,1,1
instancia_pequena.json,200,0.7,0.1,24,8190.0,239.0,1,1
instancia_pequena.json,200,0.7,0.1,25,8190.0,240.0,1,1
instancia_pequena.json,200,0.7,0.1,26,8190.0,239.0,1,1
instancia_pequena.json,200,0.7,0.1,27,8190.0,240.0,1,1
instancia_pequena.json,200,0.7,0.1,28,8190.0,241.0,1,1
instancia_pequena.json,200,0.7,0.1,29,8190.0,239.0,1,1
instancia_pequena.json,200,0.7,0.2,0,8190.0,240.0,1,1
instancia_pequena.json,200,0.7,0.2,1,8190.0,238.0,1,1
instancia_pequena.json,200,0.7,0.2,2,8190.0,240.0,1,1
instancia_pequena.json,200,0.7,0.2,3,8190.0,241.0,1,1
instancia_pequena.json,200,0.7,0.2,4,8190.0,239.0,1,1
instancia_pequena.json,200,0.7,0.2,5,8190.0,249.0,1,1
instancia_pequena.json,200,0.7,0.2,6,8190.0,247.0,1,1
instancia_pequena.json,200,0.7,0.2,7,8190.0,241.0,1,1
instancia_pequena.json,200,0.7,0.2,8,8190.0,257.0,1,1
instancia_pequena.json,200,0.7,0.2,9,8190.0,259.0,1,1
instancia_pequena.json,200,0.7,0.2,10,8190.0,248.0,1,1
instancia_pequena.json,200,0.7,0.2,11,8190.0,240.0,1,1
instancia_pequena.json,200,0.7,0.2,12,8190.0,238.0,1,1
instancia_pequena.json,200,0.7,0.2,13,8190.0,239.0,1,1
instancia_pequena.json,200,0.7,0.2,14,8190.0,239.0,1,1
instancia_pequena.json,200,0.7,0.2,15,8190.0,239.0,1,1
instancia_pequena.json,200,0.7,0.2,16,8190.0,241.0,1,1
instancia_pequena.json,200,0.7,0.2,17,8190.0,241.0,1,1
instancia_pequena.json,200,0.7,0.2,18,8190.0,241.0,1,1
instancia_pequena.json,200,0.7,0.2,19,8190.0,240.0,1,1
instancia_pequena.json,200,0.7,0.2,20,8190.0,240.0,1,1
instancia_pequena.json,200,0.7,0.2,21,8190.0,240.0,1,1
instancia_pequena.json,200,0.7,0.2,22,8190.0,240.0,1,1
instancia_pequena.json,200,0.7,0.2,23,8190.0,241.0,1,1
instancia_pequena.json,200,0.7,0.2,24,8190.0,239.0,1,1
instancia_pequena.json,200,0.7,0.2,25,8190.0,239.0,1,1
instancia_pequena.json,200,0.7,0.2,26,8190.0,237.0,1,1
instancia_pequena.json,200,0.7,0.2,27,8190.0,241.0,1,1
instancia_pequena.json,200,0.7,0.2,28,8190.0,241.0,1,1
instancia_pequena.json,200,0.7,0.2,29,8190.0,240.0,1,1
instancia_pequena.json,200,0.9,0.05,0,8190.0,241.0,1,1
instancia_pequena.json,200,0.9,0.05,1,8190.0,241.0,1,1
instancia_pequena.json,200,0.9,0.05,2,8190.0,240.0,1,1
instancia_pequena.json,200,0.9,0.05,3,8190.0,241.0,1,1
instancia_pequena.json,200,0.9,0.05,4,8190.0,241.0,1,1
instancia_pequena.json,200,0.9,0.05,5,8190.0,244.0,1,1
instancia_pequena.json,200,0.9,0.05,6,8190.0,240.0,1,1
instancia_pequena.json,200,0.9,0.05,7,8190.0,239.0,1,1
instancia_pequena.json,200,0.9,0.05,8,8190.0,247.0,1,1
instancia_pequena.json,200,0.9,0.05,9,8190.0,241.0,1,1
instancia_pequena.json,200,0.9,0.05,10,8190.0,240.0,1,1
instancia_pequena.json,200,0.9,0.05,11,8190.0,241.0,1,1
instancia_pequena.json,200,0.9,0.05,12,8190.0,243.0,1,1
instancia_pequena.json,200,0.9,0.05,13,8190.0,240.0,1,1
instancia_pequena.json,200,0.9,0.05,14,8190.0,242.0,1,1
instancia_pequena.json,200,0.9,0.05,15,8190.0,240.0,1,1
instancia_pequena.json,200,0.9,0.05,16,8190.0,242.0,1,1
instancia_pequena.json,200,0.9,0.05,17,8190.0,239.0,1,1
instancia_pequena.json,200,0.9,0.05,18,8190.0,242.0,1,1
instancia_pequena.json,200,0.9,0.05,19,8190.0,243.0,1,1
instancia_pequena.json,200,0.9,0.05,20,8190.0,240.0,1,1
instancia_pequena.json,200,0.9,0.05,21,8190.0,246.0,1,1
instancia_pequena.json,200,0.9,0.05,22,8190.0,244.0,1,1
instancia_pequena.json,200,0.9,0.05,23,8190.0,240.0,1,1
instancia_pequena.json,200,0.9,0.05,24,8190.0,239.0,1,1
instancia_pequena.json,200,0.9,0.05,25,8190.0,240.0,1,1
instancia_pequena.json,200,0.9,0.05,26,8190.0,240.0,1,1
instancia_pequena.json,200,0.9,0.05,27,8190.0,239.0,1,1
instancia_pequena.json,200,0.9,0.05,28,8190.0,239.0,1,1
instancia_pequena.json,200,0.9,0.05,29,8190.0,240.0,1,1
instancia_pequena.json,200,0.9,0.1,0,8190.0,239.0,1,1
instancia_pequena.json,200,0.9,0.1,1,8190.0,240.0,1,1
instancia_pequena.json,200,0.9,0.1,2,8190.0,239.0,1,1
instancia_pequena.json,200,0.9,0.1,3,8190.0,240.0,1,1
instancia_pequena.json,200,0.9,0.1,4,8190.0,240.0,1,1
instancia_pequena.json,200,0.9,0.1,5,8190.0,242.0,1,1
instancia_pequena.json,200,0.9,0.1,6,8190.0,241.0,1,1
instancia_pequena.json,200,0.9,0.1,7,8190.0,247.0,1,1
instancia_pequena.json,200,0.9,0.1,8,8190.0,241.0,1,1
instancia_pequena.json,200,0.9,0.1,9,8190.0,242.0,1,1
instancia_pequena.json,200,0.9,0.1,10,8190.0,240.0,1,1
instancia_pequena.json,200,0.9,0.1,11,8190.0,241.0,1,1
instancia_pequena.json,200,0.9,0.1,12,8190.0,242.0,1,1
instancia_pequena.json,200,0.9,0.1,13,8190.0,244.0,1,1
instancia_pequena.json,200,0.9,0.1,14,8190.0,242.0,1,1
instancia_pequena.json,200,0.9,0.1,15,8190.0,242.0,1,1
instancia_pequena.json,200,0.9,0.1,16,8190.0,240.0,1,1
instancia_pequena.json,200,0.9,0.1,17,8190.0,240.0,1,1
instancia_pequena.json,200,0.9,0.1,18,8190.0,240.0,1,1
instancia_pequena.json,200,0.9,0.1,19,8190.0,241.0,1,1
instancia_pequena.json,200,0.9,0.1,20,8190.0,240.0,1,1
instancia_pequena.json,200,0.9,0.1,21,8190.0,238.0,1,1
instancia_pequena.json,200,0.9,0.1,22,8190.0,239.0,1,1
instancia_pequena.json,200,0.9,0.1,23,8190.0,240.0,1,1
instancia_pequena.json,200,0.9,0.1,24,8190.0,240.0,1,1
instancia_pequena.json,200,0.9,0.1,25,8190.0,241.0,1,1
instancia_pequena.json,200,0.9,0.1,26,8190.0,241.0,1,1
instancia_pequena.json,200,0.9,0.1,27,8190.0,240.0,1,1
instancia_pequena.json,200,0.9,0.1,28,8190.0,242.0,1,1
instancia_pequena.json,200,0.9,0.1,29,8190.0,242.0,1,1
instancia_pequena.json,200,0.9,0.2,0,8190.0,242.0,1,1
instancia_pequena.json,200,0.9,0.2,1,8190.0,241.0,1,1
instancia_pequena.json,200,0.9,0.2,2,8190.0,243.0,1,1
instancia_pequena.json,200,0.9,0.2,3,8190.0,241.0,1,1
instancia_pequena.json,200,0.9,0.2,4,8190.0,241.0,1,1
instancia_pequena.json,200,0.9,0.2,5,8190.0,242.0,1,1
instancia_pequena.json,200,0.9,0.2,6,8190.0,263.0,1,1
instancia_pequena.json,200,0.9,0.2,7,8190.0,240.0,1,1
instancia_pequena.json,200,0.9,0.2,8,8190.0,239.0,1,1
instancia_pequena.json,200,0.9,0.2,9,8190.0,242.0,1,1
instancia_pequena.json,200,0.9,0.2,10,8190.0,242.0,1,1
instancia_pequena.json,200,0.9,0.2,11,8190.0,242.0,1,1
instancia_pequena.json,200,0.9,0.2,12,8190.0,241.0,1,1
instancia_pequena.json,200,0.9,0.2,13,8190.0,242.0,1,1
instancia_pequena.json,200,0.9,0.2,14,8190.0,243.0,1,1
instancia_pequena.json,200,0.9,0.2,15,8190.0,243.0,1,1
instancia_pequena.json,200,0.9,0.2,16,8190.0,240.0,1,1
instancia_pequena.json,200,0.9,0.2,17,8190.0,242.0,1,1
instancia_pequena.json,200,0.9,0.2,18,8190.0,243.0,1,1
instancia_pequena.json,200,0.9,0.2,19,8190.0,242.0,1,1
instancia_pequena.json,200,0.9,0.2,20,8190.0,242.0,1,1
instancia_pequena.json,200,0.9,0.2,21,8190.0,240.0,1,1
instancia_pequena.json,200,0.9,0.2,22,8190.0,242.0,1,1
instancia_pequena.json,200,0.9,0.2,23,8190.0,242.0,1,1
instancia_pequena.json,200,0.9,0.2,24,8190.0,241.0,1,1
instancia_pequena.json,200,0.9,0.2,25,8190.0,240.0,1,1
instancia_pequena.json,200,0.9,0.2,26,8190.0,241.0,1,1
instancia_pequena.json,200,0.9,0.2,27,8190.0,241.0,1,1
instancia_pequena.json,200,0.9,0.2,28,8190.0,274.0,1,1
instancia_pequena.json,200,0.9,0.2,29,8190.0,242.0,1,1
instancia_pequena.json,200,1.0,0.05,0,8190.0,242.0,1,1
instancia_pequena.json,200,1.0,0.05,1,8190.0,241.0,1,1
instancia_pequena.json,200,1.0,0.05,2,8190.0,243.0,1,1
instancia_pequena.json,200,1.0,0.05,3,8190.0,238.0,1,1
instancia_pequena.json,200,1.0,0.05,4,8190.0,247.0,1,1
instancia_pequena.json,200,1.0,0.05,5,8190.0,244.0,1,1
instancia_pequena.json,200,1.0,0.05,6,8190.0,239.0,1,1
instancia_pequena.json,200,1.0,0.05,7,8190.0,241.0,1,1
instancia_pequena.json,200,1.0,0.05,8,8190.0,240.0,1,1
instancia_pequena.json,200,1.0,0.05,9,8190.0,241.0,1,1
instancia_pequena.json,200,1.0,0.05,10,8190.0,241.0,1,1
instancia_pequena.json,200,1.0,0.05,11,8190.0,239.0,1,1
instancia_pequena.json,200,1.0,0.05,12,8190.0,241.0,1,1
instancia_pequena.json,200,1.0,0.05,13,8190.0,241.0,1,1
instancia_pequena.json,200,1.0,0.05,14,8190.0,241.0,1,1
instancia_pequena.json,200,1.0,0.05,15,8190.0,242.0,1,1
instancia_pequena.json,200,1.0,0.05,16,8190.0,246.0,1,1
instancia_pequena.json,200,1.0,0.05,17,8190.0,242.0,1,1
instancia_pequena.json,200,1.0,0.05,18,8190.0,242.0,1,1
instancia_pequena.json,200,1.0,0.05,19,8190.0,241.0,1,1
instancia_pequena.json,200,1.0,0.05,20,8190.0,241.0,1,1
instancia_pequena.json,200,1.0,0.05,21,8190.0,248.0,1,1
instancia_pequena.json,200,1.0,0.05,22,8190.0,240.0,1,1
instancia_pequena.json,200,1.0,0.05,23,8190.0,240.0,1,1
instancia_pequena.json,200,1.0,0.05,24,8190.0,241.0,1,1
instancia_pequena.json,200,1.0,0.05,25,8190.0,242.0,1,1
instancia_pequena.json,200,1.0,0.05,26,8190.0,240.0,1,1
instancia_pequena.json,200,1.0,0.05,27,8190.0,242.0,1,1
instancia_pequena.json,200,1.0,0.05,28,8190.0,242.0,1,1
instancia_pequena.json,200,1.0,0.05,29,8190.0,243.0,1,1
instancia_pequena.json,200,1.0,0.1,0,8190.0,240.0,1,1
instancia_pequena.json,200,1.0,0.1,1,8190.0,243.0,1,1
instancia_pequena.json,200,1.0,0.1,2,8190.0,241.0,1,1
instancia_pequena.json,200,1.0,0.1,3,8190.0,242.0,1,1
instancia_pequena.json,200,1.0,0.1,4,8190.0,241.0,1,1
instancia_pequena.json,200,1.0,0.1,5,8190.0,243.0,1,1
instancia_pequena.json,200,1.0,0.1,6,8190.0,242.0,1,1
instancia_pequena.json,200,1.0,0.1,7,8190.0,240.0,1,1
instancia_pequena.json,200,1.0,0.1,8,8190.0,242.0,1,1
instancia_pequena.json,200,1.0,0.1,9,8190.0,243.0,1,1
instancia_pequena.json,200,1.0,0.1,10,8190.0,242.0,1,1
instancia_pequena.json,200,1.0,0.1,11,8190.0,241.0,1,1
instancia_pequena.json,200,1.0,0.1,12,8190.0,239.0,1,1
instancia_pequena.json,200,1.0,0.1,13,8190.0,239.0,1,1
instancia_pequena.json,200,1.0,0.1,14,8190.0,241.0,1,1
instancia_pequena.json,200,1.0,0.1,15,8190.0,242.0,1,1
instancia_pequena.json,200,1.0,0.1,16,8190.0,241.0,1,1
instancia_pequena.json,200,1.0,0.1,17,8190.0,241.0,1,1
instancia_pequena.json,200,1.0,0.1,18,8190.0,242.0,1,1
instancia_pequena.json,200,1.0,0.1,19,8190.0,242.0,1,1
instancia_pequena.json,200,1.0,0.1,20,8190.0,244.0,1,1
instancia_pequena.json,200,1.0,0.1,21,8190.0,240.0,1,1
instancia_pequena.json,200,1.0,0.1,22,8190.0,241.0,1,1
instancia_pequena.json,200,1.0,0.1,23,8190.0,243.0,1,1
instancia_pequena.json,200,1.0,0.1,24,8190.0,241.0,1,1
instancia_pequena.json,200,1.0,0.1,25,8190.0,244.0,1,1
instancia_pequena.json,200,1.0,0.1,26,8190.0,243.0,1,1
instancia_pequena.json,200,1.0,0.1,27,8190.0,241.0,1,1
instancia_pequena.json,200,1.0,0.1,28,8190.0,242.0,1,1
instancia_pequena.json,200,1.0,0.1,29,8190.0,242.0,1,1
instancia_pequena.json,200,1.0,0.2,0,8190.0,242.0,1,1
instancia_pequena.json,200,1.0,0.2,1,8190.0,243.0,1,1
instancia_pequena.json,200,1.0,0.2,2,8190.0,241.0,1,1
instancia_pequena.json,200,1.0,0.2,3,8190.0,243.0,1,1
instancia_pequena.json,200,1.0,0.2,4,8190.0,242.0,1,1
instancia_pequena.json,200,1.0,0.2,5,8190.0,241.0,1,1
instancia_pequena.json,200,1.0,0.2,6,8190.0,243.0,1,1
instancia_pequena.json,200,1.0,0.2,7,8190.0,241.0,1,1
instancia_pequena.json,200,1.0,0.2,8,8190.0,243.0,1,1
instancia_pequena.json,200,1.0,0.2,9,8190.0,243.0,1,1
instancia_pequena.json,200,1.0,0.2,10,8190.0,240.0,1,1
instancia_pequena.json,200,1.0,0.2,11,8190.0,242.0,1,1
instancia_pequena.json,200,1.0,0.2,12,8190.0,240.0,1,1
instancia_pequena.json,200,1.0,0.2,13,8190.0,244.0,1,1
instancia_pequena.json,200,1.0,0.2,14,8190.0,244.0,1,1
instancia_pequena.json,200,1.0,0.2,15,8190.0,241.0,1,1
instancia_pequena.json,200,1.0,0.2,16,8190.0,241.0,1,1
instancia_pequena.json,200,1.0,0.2,17,8190.0,242.0,1,1
instancia_pequena.json,200,1.0,0.2,18,8190.0,244.0,1,1
instancia_pequena.json,200,1.0,0.2,19,8190.0,246.0,1,1
instancia_pequena.json,200,1.0,0.2,20,8190.0,242.0,1,1
instancia_pequena.json,200,1.0,0.2,21,8190.0,243.0,1,1
instancia_pequena.json,200,1.0,0.2,22,8190.0,245.0,1,1
instancia_pequena.json,200,1.0,0.2,23,8190.0,241.0,1,1
instancia_pequena.json,200,1.0,0.2,24,8190.0,244.0,1,1
instancia_pequena.json,200,1.0,0.2,25,8190.0,240.0,1,1
instancia_pequena.json,200,1.0,0.2,26,8190.0,241.0,1,1
instancia_pequena.json,200,1.0,0.2,27,8190.0,243.0,1,1
instancia_pequena.json,200,1.0,0.2,28,8190.0,243.0,1,1
instancia_pequena.json,200,1.0,0.2,29,8190.0,240.0,1,1
